protocol,n_trees,train_pr_auc,heldout_pr_auc
stratified,1,0.30269693663557423,0.3037533972055438
stratified,2,0.7225340240178035,0.6655636384591959
stratified,3,0.727705936615486,0.6708231538681799
stratified,4,0.7863893749463464,0.7395664677767385
stratified,5,0.7892940122519077,0.7470046727516924
stratified,6,0.8115409402160473,0.7564381940974888
stratified,7,0.8141943442346351,0.7600857279946448
stratified,8,0.8157882744881044,0.7614596891903023
stratified,9,0.8174277902848209,0.7611631189331742
stratified,10,0.8186386354436879,0.7646473438642551
stratified,11,0.8190085401855138,0.7657398451581556
stratified,12,0.8192585686488073,0.7652799870771146
stratified,13,0.8197028497250796,0.7655733971566465
stratified,14,0.8196931882359221,0.7654920526313248
stratified,15,0.8206873199740694,0.7662363803559267
stratified,16,0.8267060610172907,0.770176249013257
stratified,17,0.8287600552296455,0.7698252502996197
stratified,18,0.8323179088245529,0.7702789610936636
stratified,19,0.8368182774071959,0.7735901034543101
stratified,20,0.8385498862458172,0.7736216509029358
stratified,21,0.8431108491230179,0.7757683167645227
stratified,22,0.8449404267648677,0.7771936332627898
stratified,23,0.846748209317896,0.778872122190486
stratified,24,0.8490654554552937,0.7775210996239903
stratified,25,0.8496915085633029,0.7778522043185642
stratified,26,0.8510806044256332,0.7778639557278263
stratified,27,0.8527145045433524,0.7780878992834761
stratified,28,0.8539258629615767,0.7787362406817788
stratified,29,0.8548653794441166,0.7781836561476486
stratified,30,0.8562381581520943,0.778778028539813
stratified,31,0.8570532906381167,0.7791108945248422
stratified,32,0.8589190015433615,0.7808629716544092
stratified,33,0.8596423791903908,0.7824883822232116
stratified,34,0.8612055314666723,0.7838616258950171
stratified,35,0.8625725655060006,0.785708281344791
stratified,36,0.8635423342481342,0.7856606913370746
stratified,37,0.8642329784789476,0.7858243996270223
stratified,38,0.8659444210388497,0.7871343918401245
stratified,39,0.8667040159863061,0.7872807936173271
stratified,40,0.8671570560540262,0.7878500821648539
stratified,41,0.8688400388556781,0.7884929247486467
stratified,42,0.8699028678907162,0.7889915320685097
stratified,43,0.870468958264531,0.7894738634468588
stratified,44,0.872092224711533,0.7907850193180178
stratified,45,0.8735415248448523,0.7918155413087232
stratified,46,0.8748565326031797,0.7924268022265604
stratified,47,0.8768357740095778,0.7927459709879423
stratified,48,0.8780011743436087,0.7924457404485932
stratified,49,0.8795044081171749,0.7923928740095991
stratified,50,0.8803075866510711,0.7922654245572823
stratified,51,0.8818525996573732,0.7930496871163731
stratified,52,0.8825612360703105,0.7934459314233417
stratified,53,0.8844275556105179,0.7933806494957115
stratified,54,0.8864275751262897,0.7938302916896406
stratified,55,0.8875372292585587,0.7942954076633589
stratified,56,0.8884443442286675,0.7948486907020407
stratified,57,0.8895313161910631,0.796295131534563
stratified,58,0.8906636546362938,0.7967474462672277
stratified,59,0.891530518729836,0.7965026349747777
stratified,60,0.8921934868652545,0.7966383298879356
stratified,61,0.8929399260416195,0.7973511216297074
stratified,62,0.8938593515121874,0.7978387342754104
stratified,63,0.8943578619666742,0.7987751596214769
stratified,64,0.8954998347205243,0.7995958798380491
stratified,65,0.8967829871164511,0.8001487123485402
stratified,66,0.8973873472476961,0.8005141290211059
stratified,67,0.8979272395754185,0.8003943548726379
stratified,68,0.8988231801717886,0.8005403103053562
stratified,69,0.8996903938611882,0.8005135778301199
stratified,70,0.9004473936921426,0.8006472414227945
stratified,71,0.9013560104110552,0.8015249649744045
stratified,72,0.9022240491092636,0.8022072305683166
stratified,73,0.9033278155698281,0.8030988788462904
stratified,74,0.9038559626706767,0.8034913200513167
stratified,75,0.9050655285963632,0.8039011551160744
stratified,76,0.9059809870601765,0.8040845264720742
stratified,77,0.9070308620601083,0.8045245997525969
stratified,78,0.9081369414427438,0.8043854735356979
stratified,79,0.9085987744068343,0.8045191690357893
stratified,80,0.9094632049102959,0.8043367826735902
stratified,81,0.9102908154072056,0.8049817127697836
stratified,82,0.9108500207617718,0.8057315967595553
stratified,83,0.9116030026632269,0.8056006766762214
stratified,84,0.9122674768468191,0.8061102746333589
stratified,85,0.9127763631261553,0.8061752561078214
stratified,86,0.9135958151066523,0.8062960254133754
stratified,87,0.9141971341793006,0.8065996743507401
stratified,88,0.9146950597591631,0.8068629491741653
stratified,89,0.9156853604869335,0.8066149037811793
stratified,90,0.9166432800960082,0.8068986808415495
stratified,91,0.9173384209739872,0.8065517311167809
stratified,92,0.9180703889560445,0.8067976248159421
stratified,93,0.918718255500659,0.8068236188159904
stratified,94,0.9194265552755732,0.80690262955967
stratified,95,0.9202704989902137,0.8068630447880649
stratified,96,0.9207335316274436,0.8071172027156894
stratified,97,0.9212546964475092,0.8075909613953725
stratified,98,0.921839537399897,0.8076574421773662
stratified,99,0.9225260849231334,0.8078466417497354
stratified,100,0.9232157844044452,0.8080779793304531
stratified,101,0.9238077359164518,0.8080509205619457
stratified,102,0.9244469797801759,0.8084274587178515
stratified,103,0.9254067140973702,0.8087415475686226
stratified,104,0.9259802113518522,0.8086269712355371
stratified,105,0.9268680898643761,0.8093936407275095
stratified,106,0.9276693069303052,0.8087041834770083
stratified,107,0.9283576528282652,0.8088841809460343
stratified,108,0.9289920290231168,0.8092908439414578
stratified,109,0.9300640110329003,0.8098293438080447
stratified,110,0.9305642151741162,0.8097599013150597
stratified,111,0.9316853209474105,0.8094145414796668
stratified,112,0.9323213076200547,0.8101692073932815
stratified,113,0.9329422765218527,0.8098619498178662
stratified,114,0.9335091486642845,0.8099713932944088
stratified,115,0.93411524276909,0.810165930985003
stratified,116,0.9349826347544999,0.8100582187564955
stratified,117,0.9359400284218552,0.8110623266021431
stratified,118,0.936713200495299,0.8105678181593065
stratified,119,0.9370522698478131,0.8110068452764679
stratified,120,0.9375111820763558,0.8109041905145333
stratified,121,0.9381378390040107,0.8114760280690242
stratified,122,0.9388478894273674,0.8116371844378544
stratified,123,0.9393600491072117,0.8118861541780168
stratified,124,0.9398853064374239,0.8120182252433417
stratified,125,0.9403800476850397,0.8120792300393016
stratified,126,0.9407199065523542,0.8127836620926252
stratified,127,0.9414141753850342,0.8127817635962702
stratified,128,0.9420101482922647,0.8135054388337067
stratified,129,0.9428270026479905,0.8142411978730899
stratified,130,0.9433387396804692,0.8144920191533785
stratified,131,0.9437833637903198,0.8154065844026211
stratified,132,0.9443568600958547,0.8158192025013159
stratified,133,0.9447969296927535,0.8161417577933119
stratified,134,0.9453000278608282,0.8161572442632484
stratified,135,0.9459231118058544,0.8163561005832761
stratified,136,0.9463878914650172,0.8166594874902428
stratified,137,0.9470519794746775,0.8166329754180747
stratified,138,0.9473635582807513,0.8164683350628142
stratified,139,0.9478650163034579,0.8165388345781445
stratified,140,0.9482636178322636,0.8164642806400843
stratified,141,0.9487847010726483,0.8170055303970711
stratified,142,0.9492422318330355,0.8171628081806026
stratified,143,0.9495372094341006,0.8171675640716765
stratified,144,0.949888028397021,0.8170863102749987
stratified,145,0.9501428805216608,0.8174200484949111
stratified,146,0.9503923830684643,0.8176912446752531
stratified,147,0.9508097757805852,0.8177534356313035
stratified,148,0.9514031820764415,0.8177699472006348
stratified,149,0.9520524329650958,0.8179289118450823
stratified,150,0.9524712566607969,0.8182142181950341
stratified,151,0.952977433906184,0.8181385101291245
stratified,152,0.9533781610016605,0.8187974192278635
stratified,153,0.9538980109092562,0.8192676463920363
stratified,154,0.9545035850957047,0.8192660461227285
stratified,155,0.9550997834060171,0.8188036787183116
stratified,156,0.955613194490735,0.8189910909857778
stratified,157,0.9560138895020082,0.8197321682156701
stratified,158,0.9563959602987614,0.8197584779102516
stratified,159,0.9568240418367497,0.820360104281806
stratified,160,0.9573919286665862,0.8203088523998003
stratified,161,0.9578378901232041,0.8204254291486741
stratified,162,0.9580280937951048,0.8203025708647181
stratified,163,0.9585855095784669,0.8205357643506934
stratified,164,0.9589492418215055,0.8207744018346235
stratified,165,0.9596018098249881,0.8208681198525809
stratified,166,0.9599219605550307,0.8212817222941056
stratified,167,0.9604893776946425,0.8215579541776565
stratified,168,0.9610936946120804,0.8216920391836453
stratified,169,0.9619714378706914,0.8219387450645921
stratified,170,0.9623914209846415,0.8220759457918554
stratified,171,0.9631017027348725,0.8222285595171224
stratified,172,0.9636318366830912,0.8227558207993028
stratified,173,0.9641677791686758,0.8229051386059504
stratified,174,0.9645446402060466,0.8230959306094063
stratified,175,0.9647770231151477,0.8232316821519394
stratified,176,0.9652955031687896,0.8232392992899294
stratified,177,0.9661520716879398,0.8230413101923841
stratified,178,0.9668991147410062,0.8233865494601998
stratified,179,0.9672517973101772,0.8237690715140686
stratified,180,0.9678265220893032,0.8234107089220712
stratified,181,0.9681793914054572,0.8235728445081301
stratified,182,0.9682532371733946,0.8236003110807563
stratified,183,0.9687387362961937,0.8240592046100472
stratified,184,0.9690325075146589,0.823677776144402
stratified,185,0.9696424930587023,0.8238505634588301
stratified,186,0.9700934224565069,0.8240463032975046
stratified,187,0.9703055226374953,0.8238096512556606
stratified,188,0.9705920416614032,0.8241762587154715
stratified,189,0.971328796604568,0.8245875427403689
stratified,190,0.9714728211633612,0.8245656779645915
stratified,191,0.9717544408666231,0.8252348780981495
stratified,192,0.9721517901547666,0.8253871068297776
stratified,193,0.9726488990095752,0.825570050059645
stratified,194,0.973196815664407,0.82579409492186
stratified,195,0.9735799598432278,0.8258884379147795
stratified,196,0.9739698690575448,0.8263596352964516
stratified,197,0.9744192146229348,0.8262550552289402
stratified,198,0.9747951758403096,0.8265710300282888
stratified,199,0.9751001712466749,0.826647975121994
stratified,200,0.9753629743561949,0.8272276500900758
stratified,201,0.9755387769746401,0.8269301179092435
stratified,202,0.9760488483206217,0.8271042881164664
stratified,203,0.9763477526086758,0.8272056447874202
stratified,204,0.9765625720222598,0.8268848856531027
stratified,205,0.9768552965365023,0.8278780550603355
stratified,206,0.9769120929716191,0.8275492723325749
stratified,207,0.9773418260551547,0.8274561128942419
stratified,208,0.9778699072592268,0.8273389517040032
stratified,209,0.978257495837658,0.8277521910125225
stratified,210,0.9784764114952252,0.8273781623369848
stratified,211,0.9788734091849609,0.827688721957001
stratified,212,0.9792021742144962,0.8282103855078663
stratified,213,0.9796265369726823,0.8283947208765087
stratified,214,0.9799576173455493,0.8279402599666434
stratified,215,0.9802243455889945,0.8281221256439645
stratified,216,0.980571015513256,0.8282530182131129
stratified,217,0.9810418224799258,0.828319919903208
stratified,218,0.9814984003572335,0.8287626009791307
stratified,219,0.9817966214616755,0.8283414254459042
stratified,220,0.981899843559334,0.8284607442073296
stratified,221,0.982096973537575,0.8285162128226693
stratified,222,0.9825190092997229,0.828590022957823
stratified,223,0.9828873367173587,0.8286814045861105
stratified,224,0.9830819852794956,0.8286496378123993
stratified,225,0.9832961424602831,0.8289979859397342
stratified,226,0.9835693285817062,0.829203678217317
stratified,227,0.9838044692346127,0.8291748900614248
stratified,228,0.9841741169139511,0.8292248402412945
stratified,229,0.9847698966530766,0.8296057345943557
stratified,230,0.9849630551803388,0.8295049664053276
stratified,231,0.9854083741978023,0.8296775985886908
stratified,232,0.9857783561964844,0.8296594334928769
stratified,233,0.9861966030080259,0.8296232044244016
stratified,234,0.9863559956124431,0.8290830236674404
stratified,235,0.9865252193745729,0.829366352632331
stratified,236,0.9866888681807731,0.829939672116435
stratified,237,0.9869099902645497,0.829785938064094
stratified,238,0.987169633837304,0.8296401116028266
stratified,239,0.9873907070871678,0.8298884152245966
stratified,240,0.9875300158522166,0.8301914344519662
stratified,241,0.9878021365662969,0.8299036896882171
stratified,242,0.987946267106602,0.8303374245217896
stratified,243,0.9882841316272158,0.8301994502297639
stratified,244,0.988448489287403,0.8299783903188973
stratified,245,0.9886882207252056,0.830891304305136
stratified,246,0.9887873015609092,0.8308255898665076
stratified,247,0.9889974374641278,0.8303507950099945
stratified,248,0.9892718254500308,0.8306410364103847
stratified,249,0.9894545747605059,0.8309840961225232
stratified,250,0.9896317680188844,0.8310269705807656
stratified,251,0.9897093570777771,0.8308548078705817
stratified,252,0.9900056942746215,0.8308679932120421
stratified,253,0.9901219404763976,0.830885900273679
stratified,254,0.9902677482679851,0.8305198691831609
stratified,255,0.9905090116740877,0.8313213908410424
stratified,256,0.9906468026697404,0.8312762498543703
stratified,257,0.9907806944093093,0.8315333892104225
stratified,258,0.9909594545107285,0.8314649608522233
stratified,259,0.9911411291748756,0.8319282969933771
stratified,260,0.9912812083755465,0.8318462413490486
stratified,261,0.9913785314358673,0.8319277773540501
stratified,262,0.9915088660797463,0.8315340612578521
stratified,263,0.9915343564623851,0.8317028500879433
stratified,264,0.9918087236645055,0.8315716496642377
stratified,265,0.9919717094027676,0.8319916093620539
stratified,266,0.9921264062419847,0.8317508612750677
stratified,267,0.9922544466210061,0.8320711310097986
stratified,268,0.992445355395942,0.8318177798671599
stratified,269,0.9925793685416042,0.8319212737191635
stratified,270,0.9927061221922174,0.8318991402452791
stratified,271,0.9927703666421689,0.832344977308313
stratified,272,0.9928901114456391,0.8326180246892143
stratified,273,0.9931028833834109,0.8328889493360109
stratified,274,0.9932699170450515,0.8324430246015139
stratified,275,0.9934041093876811,0.8325035493178183
stratified,276,0.9935559309899534,0.8325056174757002
stratified,277,0.9937145737978745,0.8327724893444844
stratified,278,0.9938621267896764,0.8328145529949776
stratified,279,0.9938253143165967,0.8327551004219962
stratified,280,0.9939364892813153,0.8324326577536428
stratified,281,0.9940383844051256,0.8324128177103953
stratified,282,0.9941574134157923,0.8325430564352448
stratified,283,0.9943433421151114,0.8324115357033629
stratified,284,0.9944479040430956,0.8326478563570955
stratified,285,0.9944999206041379,0.8328279783398274
stratified,286,0.994581970302944,0.832559960645308
stratified,287,0.994676217031227,0.8326654533267757
stratified,288,0.9947936287218907,0.8329052648344569
stratified,289,0.994991733345304,0.8330941689565013
stratified,290,0.995071562938609,0.8329565113168067
stratified,291,0.9951662562932512,0.8327378966759899
stratified,292,0.995261962790933,0.8327683323771966
stratified,293,0.9953766830935793,0.8328829478775697
stratified,294,0.9954197290780207,0.8329159660531537
stratified,295,0.9955066150456794,0.8327121379544592
stratified,296,0.9955594009238591,0.8328032509620152
stratified,297,0.9956803234364403,0.8328372201026961
stratified,298,0.9957713008061856,0.8329376348501321
stratified,299,0.995909098597884,0.8328364990281206
stratified,300,0.9960331032869574,0.8328453853179845
stratified,301,0.996122394664225,0.8330098527522407
stratified,302,0.9962050147473668,0.8332775522991627
stratified,303,0.9963441715060456,0.8334309238304147
stratified,304,0.9963969937491614,0.8333678326843356
stratified,305,0.9964586435948146,0.8335500843142187
stratified,306,0.9966144460024369,0.8334855429521161
stratified,307,0.9967760131956961,0.8336173451573746
stratified,308,0.9968965390214537,0.8336875050009924
stratified,309,0.9969172743088681,0.833841393719893
stratified,310,0.9970146363700036,0.8337430675890081
stratified,311,0.997151228474604,0.8337235988050211
stratified,312,0.997253526954753,0.833916947867559
stratified,313,0.9973206907997068,0.8338734929905313
stratified,314,0.9973212845748755,0.8342199555847781
stratified,315,0.9974095285365449,0.8342798492428475
stratified,316,0.9974581285109415,0.83417695611928
stratified,317,0.9975286533901373,0.8341688414916855
stratified,318,0.9975743696018561,0.8342873218218991
stratified,319,0.9976365007458796,0.8340934961340349
stratified,320,0.9976768827368401,0.834268574317933
stratified,321,0.9977497323606132,0.8344203288565658
stratified,322,0.9978000121233419,0.8344150847026901
stratified,323,0.9979135692978747,0.8340591182216355
stratified,324,0.9979628877438174,0.8347510890576215
stratified,325,0.9979910771087432,0.8349432131882851
stratified,326,0.9980484336791551,0.8350186668973341
stratified,327,0.9981023817572491,0.8347506873619595
stratified,328,0.998155934482336,0.8349244406436026
stratified,329,0.9981888294979467,0.8348495861084501
stratified,330,0.9982069538202363,0.8345830863547157
stratified,331,0.998287397491044,0.834728813380258
stratified,332,0.9982622209532267,0.834546900525372
stratified,333,0.9983080102145905,0.8351608118928054
stratified,334,0.9983414574681821,0.8351206773271385
stratified,335,0.9983666953505044,0.8349715166832907
stratified,336,0.9984275832975784,0.8347780961743219
stratified,337,0.9984600045100079,0.834321304294725
stratified,338,0.9985006711960158,0.834571084437204
stratified,339,0.9985941653119583,0.8346748767957249
stratified,340,0.998613217922098,0.8349067610903852
stratified,341,0.9986526462123937,0.8341967143212026
stratified,342,0.9986923792755474,0.8345203447829372
stratified,343,0.9987247715872374,0.8346813164722776
stratified,344,0.9987439249007728,0.8347132869402242
stratified,345,0.9987908556982807,0.8347906672940563
stratified,346,0.9988122076339003,0.835244594976074
stratified,347,0.998826278697371,0.8348993780132217
stratified,348,0.9988523259750033,0.834836173020499
stratified,349,0.9988775934530086,0.8354411242620214
stratified,350,0.9989130992720614,0.8352382502266723
stratified,351,0.9989073720867546,0.8352061421952985
stratified,352,0.9989385796428837,0.8350101110154851
stratified,353,0.9989718443697452,0.835179023523521
stratified,354,0.9989714604995379,0.8350891493754623
stratified,355,0.9990053506112487,0.8348536902596013
stratified,356,0.9990396069078246,0.8350628541461204
stratified,357,0.9990519502708662,0.834878931278921
stratified,358,0.9990529742540588,0.8348343678677909
stratified,359,0.9990783468058163,0.8349169467097676
stratified,360,0.9991054720274039,0.8348516895480138
stratified,361,0.999106227534319,0.8350678534201164
stratified,362,0.9991467229061848,0.8351912179751517
stratified,363,0.9991740233413239,0.8353422720181336
stratified,364,0.9991804880197843,0.8352063469737293
stratified,365,0.9991928482900149,0.8351624990385419
stratified,366,0.9992200139021613,0.8354481021359511
stratified,367,0.9992271153010401,0.8354522659191872
stratified,368,0.9992338513034321,0.8356261494737677
stratified,369,0.9992740726782018,0.835665509411697
stratified,370,0.9993011084871748,0.8358757740349863
stratified,371,0.9993348871427336,0.8359126121806673
stratified,372,0.9993684010168614,0.8354301498502195
stratified,373,0.9993829367822521,0.8355338483487659
stratified,374,0.9993968981092289,0.8355350156766861
stratified,375,0.9994032497175368,0.8358332009510385
stratified,376,0.9994227676995175,0.8356501805428153
stratified,377,0.9994450765597516,0.8358274083225357
stratified,378,0.9994779585511724,0.8354231255486277
stratified,379,0.9995136225540519,0.835529956797507
stratified,380,0.9995192869016961,0.8354576221097161
stratified,381,0.9995457734053971,0.83538365859261
stratified,382,0.9995516859172177,0.8353871594418101
stratified,383,0.999558904209951,0.8355004561497622
stratified,384,0.9995727169479577,0.8357574176612187
stratified,385,0.9995927599095734,0.8357825466867335
stratified,386,0.9995932074687452,0.8356958215603424
stratified,387,0.999634061724122,0.835614197394743
stratified,388,0.9996537187138521,0.8357487503442191
stratified,389,0.9996945809310694,0.8354198592763574
stratified,390,0.9997163717115082,0.8355426327111403
stratified,391,0.9997431395768333,0.835635843356964
stratified,392,0.9997292149714884,0.8356841654899316
stratified,393,0.9997365736373126,0.8360189586676802
stratified,394,0.9997715027345813,0.8360146252807921
stratified,395,0.9997646770307584,0.8356458922172363
stratified,396,0.9997847362798935,0.8360696233221394
stratified,397,0.9997847362798935,0.8358267580498285
stratified,398,0.9997918766422458,0.8358215241180315
stratified,399,0.9998056659160979,0.8360058879287077
stratified,400,0.9997985447741251,0.8360109619861225
stratified,401,0.9997852428379813,0.8360387149201112
stratified,402,0.9997914044117728,0.8357712392656351
stratified,403,0.9998191062340454,0.835805996547502
stratified,404,0.9998191062340454,0.8357123127765557
stratified,405,0.9998262082588355,0.8357086087546726
stratified,406,0.9998329809875601,0.8355977895916243
stratified,407,0.9998329809875601,0.835645053053771
stratified,408,0.9998329809875601,0.8355200165915202
stratified,409,0.9998397891292854,0.8355869179644418
stratified,410,0.9998467412470419,0.8354667472279185
stratified,411,0.9998606858384308,0.8355529152951799
stratified,412,0.9998606858384308,0.8354196923890872
stratified,413,0.9998606858384308,0.8353438074079336
stratified,414,0.9998606858384308,0.8350341001697349
stratified,415,0.9998676749848207,0.8352645043735195
stratified,416,0.9998676749848207,0.8354658478201805
stratified,417,0.9998676749848207,0.835643905893428
stratified,418,0.9998747014564691,0.8354445129726812
stratified,419,0.999881635354185,0.8356092421900453
stratified,420,0.999888606085398,0.8356661406656652
stratified,421,0.999888606085398,0.8356921725893799
stratified,422,0.999888606085398,0.8355937541644312
stratified,423,0.999888606085398,0.8355463501981095
stratified,424,0.999888606085398,0.8358859327917206
stratified,425,0.999888606085398,0.8359256156329261
stratified,426,0.999888606085398,0.8357290726607369
stratified,427,0.999888606085398,0.835586747823987
stratified,428,0.9998955218583173,0.8353771630633662
stratified,429,0.9999024742711358,0.8354594452615162
stratified,430,0.9999024742711358,0.8353504034965453
stratified,431,0.999909318104339,0.8353194881457172
stratified,432,0.9999094297882293,0.8354984577325967
stratified,433,0.9999163822010477,0.8355897667954458
stratified,434,0.9999233900600338,0.8353808192606672
stratified,435,0.9999233900600338,0.8355244531036151
stratified,436,0.9999233900600338,0.8355944138739078
stratified,437,0.9999302878026557,0.8354664527163347
stratified,438,0.999937221993101,0.8354720592446883
stratified,439,0.999937221993101,0.8352169246472011
stratified,440,0.999937221993101,0.835387390681987
stratified,441,0.999937221993101,0.8354600413568958
stratified,442,0.999937221993101,0.8356503024416024
stratified,443,0.9999442113377703,0.8356534793590078
stratified,444,0.9999512566219488,0.8357595002606293
stratified,445,0.9999582275498697,0.8356702288984382
stratified,446,0.9999582275498697,0.8355984568455215
stratified,447,0.9999582275498697,0.8356852415037794
stratified,448,0.9999582275498697,0.8357142618159699
stratified,449,0.9999582275498697,0.8358380484939355
stratified,450,0.9999582275498697,0.8358733956278209
stratified,451,0.9999582275498697,0.8358793347696649
stratified,452,0.9999582275498697,0.835838985249953
stratified,453,0.9999582275498697,0.8358630825998773
stratified,454,0.9999582275498697,0.8358266359408933
stratified,455,0.9999582275498697,0.836012887160853
stratified,456,0.9999651073559562,0.8358906791577531
stratified,457,0.999972262079578,0.8359195970613087
stratified,458,0.9999721339275386,0.8360036145642112
stratified,459,0.999972262079578,0.8357968411460789
stratified,460,0.9999860579490053,0.8358210218399942
stratified,461,0.9999860579490053,0.8355194865941671
stratified,462,0.9999860579490053,0.8357707482920748
stratified,463,0.9999930105569766,0.835839953736416
stratified,464,0.9999930105569766,0.8359240768282387
stratified,465,0.9999930105569766,0.8357454782748701
stratified,466,0.9999930105569766,0.8357170557403032
stratified,467,0.9999930105569766,0.8356539110280375
stratified,468,0.9999930105569766,0.8357961638631143
stratified,469,0.9999930105569766,0.8359957216742354
stratified,470,0.9999930105569766,0.8358285047574888
stratified,471,0.9999930105569766,0.8358261170670422
stratified,472,0.9999930105569766,0.8359532046667597
stratified,473,0.9999930105569766,0.8355880412091561
stratified,474,0.9999930105569766,0.8357743871802197
stratified,475,0.9999930105569766,0.8357001580473278
stratified,476,0.9999930105569766,0.8359737231142479
stratified,477,0.9999930105569766,0.8359707095684139
stratified,478,1.0,0.835944426474771
stratified,479,0.9999930105569766,0.835774807988444
stratified,480,0.9999930105569766,0.8357383812377855
stratified,481,1.0,0.8354058527133689
stratified,482,0.9999930105569766,0.8353824579748615
stratified,483,1.0,0.8354376009358622
stratified,484,1.0,0.8356323552164908
stratified,485,1.0,0.8356357702029047
stratified,486,1.0,0.8358050416247003
stratified,487,1.0,0.836022255285923
stratified,488,1.0,0.835921209178749
stratified,489,1.0,0.835932796876857
stratified,490,1.0,0.8359593460416817
stratified,491,1.0,0.836250891177672
stratified,492,1.0,0.836255975982102
stratified,493,1.0,0.8362268234903558
stratified,494,1.0,0.8362193085786293
stratified,495,1.0,0.8361968820804577
stratified,496,1.0,0.8362142565505485
stratified,497,1.0,0.8361030321672855
stratified,498,1.0,0.836106218062998
stratified,499,1.0,0.8361676836307096
stratified,500,1.0,0.8361446135300312
stratified,501,1.0,0.8361492281803706
stratified,502,1.0,0.8362588446581153
stratified,503,1.0,0.8361614438867829
stratified,504,1.0,0.8363656792081402
stratified,505,1.0,0.8364226696426366
stratified,506,1.0,0.8367189961011227
stratified,507,1.0,0.8366150355769789
stratified,508,1.0,0.8366799854362266
stratified,509,1.0,0.8365698673754176
stratified,510,1.0,0.8365865530308549
stratified,511,1.0,0.8366495971300109
stratified,512,1.0,0.8369029188185814
stratified,513,1.0,0.8368891893572262
stratified,514,1.0,0.8369808824229085
stratified,515,1.0,0.8369329286212915
stratified,516,1.0,0.8370784339205122
stratified,517,1.0,0.8370114772724785
stratified,518,1.0,0.8372509464818217
stratified,519,1.0,0.8373913809898378
stratified,520,1.0,0.8374132490090923
stratified,521,1.0,0.837692477556618
stratified,522,1.0,0.8375457670383544
stratified,523,1.0,0.8374585241740328
stratified,524,1.0,0.8372211579104344
stratified,525,1.0,0.8373716145722259
stratified,526,1.0,0.837504120412005
stratified,527,1.0,0.8373741258607497
stratified,528,1.0,0.8372818584243668
stratified,529,1.0,0.8369851712251527
stratified,530,1.0,0.8370322882423333
stratified,531,1.0,0.8372455952810395
stratified,532,1.0,0.8372469252961837
stratified,533,1.0,0.83726057896665
stratified,534,1.0,0.8375176479736609
stratified,535,1.0,0.837550598453517
stratified,536,1.0,0.8372767007014724
stratified,537,1.0,0.837352050919836
stratified,538,1.0,0.8375032550784227
stratified,539,1.0,0.8375826320940126
stratified,540,1.0,0.8375473702236648
stratified,541,1.0,0.8374016862095315
stratified,542,1.0,0.8374737525506522
stratified,543,1.0,0.8374012501704503
stratified,544,1.0,0.8373841399339588
stratified,545,1.0,0.8372935952033217
stratified,546,1.0,0.8370703081889218
stratified,547,1.0,0.8370942391539703
stratified,548,1.0,0.8371984259425033
stratified,549,1.0,0.8372251992400925
stratified,550,1.0,0.8373103470500263
stratified,551,1.0,0.8373197157222615
stratified,552,1.0,0.8372082082720392
stratified,553,1.0,0.8371391091273332
stratified,554,1.0,0.8373351966415787
stratified,555,1.0,0.8374117357056192
stratified,556,1.0,0.8375757207202935
stratified,557,1.0,0.837476041755344
stratified,558,1.0,0.8378088279931469
stratified,559,1.0,0.8376397959768169
stratified,560,1.0,0.8374461087548057
stratified,561,1.0,0.8375490961750517
stratified,562,1.0,0.8374723936632817
stratified,563,1.0,0.8373959834252951
stratified,564,1.0,0.8374106411320563
stratified,565,1.0,0.8375019442538346
stratified,566,1.0,0.8377420719571232
stratified,567,1.0,0.8378284680090334
stratified,568,1.0,0.8380238042318077
stratified,569,1.0,0.8380640988506248
stratified,570,1.0,0.8378467681818543
stratified,571,1.0,0.8379463004661748
stratified,572,1.0,0.8378132360092183
stratified,573,1.0,0.8378255476512468
stratified,574,1.0,0.8378969084183743
stratified,575,1.0,0.8380449966076037
stratified,576,1.0,0.8380671528267226
stratified,577,1.0,0.8381057470907555
stratified,578,1.0,0.8381533854395793
stratified,579,1.0,0.8381028024158536
stratified,580,1.0,0.8379579825154875
stratified,581,1.0,0.8379304122403951
stratified,582,1.0,0.8380529685326142
stratified,583,1.0,0.8378588129462672
stratified,584,1.0,0.8378758429683999
stratified,585,1.0,0.838172222089959
stratified,586,1.0,0.8382896488151255
stratified,587,1.0,0.8380030578422916
stratified,588,1.0,0.8378701432683514
stratified,589,1.0,0.8376738247381802
stratified,590,1.0,0.837896926596624
stratified,591,1.0,0.8378235118270871
stratified,592,1.0,0.837919006292705
stratified,593,1.0,0.8379229197225215
stratified,594,1.0,0.8373575802166794
stratified,595,1.0,0.8370341124437021
stratified,596,1.0,0.8370855340148514
stratified,597,1.0,0.8371676630234871
stratified,598,1.0,0.8371427316638224
stratified,599,1.0,0.8370476658105377
stratified,600,1.0,0.8369743604655798
stratified,601,1.0,0.8371462365165449
stratified,602,1.0,0.837286810948816
stratified,603,1.0,0.8374007258208224
stratified,604,1.0,0.837284449879229
stratified,605,1.0,0.837422803108536
stratified,606,1.0,0.8374768267648736
stratified,607,1.0,0.8374045234484503
stratified,608,1.0,0.8374630645957375
stratified,609,1.0,0.8375024637676035
stratified,610,1.0,0.8371714224522505
stratified,611,1.0,0.8372266870708681
stratified,612,1.0,0.8375316088560795
stratified,613,1.0,0.8376762815098358
stratified,614,1.0,0.8376309652270709
stratified,615,1.0,0.8374442648378967
stratified,616,1.0,0.8374126034251337
stratified,617,1.0,0.83742853918061
stratified,618,1.0,0.8373281851937716
stratified,619,1.0,0.8372465461234091
stratified,620,1.0,0.8372305425634758
stratified,621,1.0,0.8371420693308459
stratified,622,1.0,0.8371525155618718
stratified,623,1.0,0.8371802018419667
stratified,624,1.0,0.8371666358306551
stratified,625,1.0,0.8371954779789365
stratified,626,1.0,0.8371935302855671
stratified,627,1.0,0.8372476095935857
stratified,628,1.0,0.8369756648290642
stratified,629,1.0,0.837064972041218
stratified,630,1.0,0.837388595682164
stratified,631,1.0,0.8374872637008232
stratified,632,1.0,0.8373755840997044
stratified,633,1.0,0.8373856719125359
stratified,634,1.0,0.8375446469801353
stratified,635,1.0,0.8376523555165402
stratified,636,1.0,0.8374535918375626
stratified,637,1.0,0.837233078409049
stratified,638,1.0,0.8374683145508791
stratified,639,1.0,0.8373444574021587
stratified,640,1.0,0.8373663765805005
stratified,641,1.0,0.8374044250269033
stratified,642,1.0,0.8373043188539507
stratified,643,1.0,0.8370899957159154
stratified,644,1.0,0.8369872800691075
stratified,645,1.0,0.8369797627528633
stratified,646,1.0,0.8371286604856188
stratified,647,1.0,0.8371211681707675
stratified,648,1.0,0.8372497460038474
stratified,649,1.0,0.837172726599952
stratified,650,1.0,0.8370987251875444
stratified,651,1.0,0.8370633823636716
stratified,652,1.0,0.8373311062033363
stratified,653,1.0,0.8374959847372068
stratified,654,1.0,0.837465294868053
stratified,655,1.0,0.8375211840196592
stratified,656,1.0,0.8375602938169388
stratified,657,1.0,0.837534055899515
stratified,658,1.0,0.8373245027164212
stratified,659,1.0,0.8373724428856008
stratified,660,1.0,0.8372880459378594
stratified,661,1.0,0.8370517798875255
stratified,662,1.0,0.8370750787795235
stratified,663,1.0,0.83705796797514
stratified,664,1.0,0.8370897819008339
stratified,665,1.0,0.8370276049680161
stratified,666,1.0,0.8370924984667052
stratified,667,1.0,0.8371258522017984
stratified,668,1.0,0.8371182870812592
stratified,669,1.0,0.8373346966709613
stratified,670,1.0,0.8374753084500957
stratified,671,1.0,0.8374254681654254
stratified,672,1.0,0.8371452695542586
stratified,673,1.0,0.8373085042435735
stratified,674,1.0,0.8373260855107637
stratified,675,1.0,0.8373597908607315
stratified,676,1.0,0.8373393177210219
stratified,677,1.0,0.8373517367435014
stratified,678,1.0,0.8373930297941278
stratified,679,1.0,0.8370840027400112
stratified,680,1.0,0.8370442423603517
stratified,681,1.0,0.8370280912790836
stratified,682,1.0,0.837053743777066
stratified,683,1.0,0.837106688788165
stratified,684,1.0,0.837087272928027
stratified,685,1.0,0.8371148436304411
stratified,686,1.0,0.8368312581735647
stratified,687,1.0,0.8366188429022822
stratified,688,1.0,0.8368729959664751
stratified,689,1.0,0.8368581417293853
stratified,690,1.0,0.8367386461112287
stratified,691,1.0,0.8368395904735618
stratified,692,1.0,0.8372157043866703
stratified,693,1.0,0.836773754457798
stratified,694,1.0,0.8370278231452707
stratified,695,1.0,0.8369404202736203
stratified,696,1.0,0.8365716942991572
stratified,697,1.0,0.8366638125097736
stratified,698,1.0,0.836596424584349
stratified,699,1.0,0.8366577348097398
stratified,700,1.0,0.8365133535415921
stratified,701,1.0,0.8361563795438678
stratified,702,1.0,0.8359071835126592
stratified,703,1.0,0.835942263174561
stratified,704,1.0,0.8359376138673547
stratified,705,1.0,0.836178630378456
stratified,706,1.0,0.8366126707393509
stratified,707,1.0,0.8368905169257885
stratified,708,1.0,0.8368836041991183
stratified,709,1.0,0.8368428434952078
stratified,710,1.0,0.8368746891200705
stratified,711,1.0,0.8369393224564774
stratified,712,1.0,0.8370331242489275
stratified,713,1.0,0.8369218664429583
stratified,714,1.0,0.8367490861837353
stratified,715,1.0,0.8368219581368366
stratified,716,1.0,0.8368895160140566
stratified,717,1.0,0.836843996328238
stratified,718,1.0,0.8364945938496732
stratified,719,1.0,0.8363821587233402
stratified,720,1.0,0.8364542893071528
stratified,721,1.0,0.8364564257711914
stratified,722,1.0,0.8364072416641
stratified,723,1.0,0.8364100805221016
stratified,724,1.0,0.8365222256377379
stratified,725,1.0,0.8365815700823016
stratified,726,1.0,0.836354704040111
stratified,727,1.0,0.8362243145139988
stratified,728,1.0,0.836655144233337
stratified,729,1.0,0.8364674358764987
stratified,730,1.0,0.8363499950642626
stratified,731,1.0,0.836532492482675
stratified,732,1.0,0.8366188424584696
stratified,733,1.0,0.8367183925592496
stratified,734,1.0,0.8366749030670653
stratified,735,1.0,0.8365209241238066
stratified,736,1.0,0.8366907014870745
stratified,737,1.0,0.8368235174472797
stratified,738,1.0,0.8365308121752892
stratified,739,1.0,0.8365576957613015
stratified,740,1.0,0.8365583984121314
stratified,741,1.0,0.8365886482884879
stratified,742,1.0,0.8364401223755675
stratified,743,1.0,0.8363109130258285
stratified,744,1.0,0.8362230344674498
stratified,745,1.0,0.8361685740570989
stratified,746,1.0,0.8362146919086997
stratified,747,1.0,0.8364306272869245
stratified,748,1.0,0.8365424692913034
stratified,749,1.0,0.8368338754890972
stratified,750,1.0,0.836746629835687
stratified,751,1.0,0.8362775368199368
stratified,752,1.0,0.8362476931998045
stratified,753,1.0,0.8364609451099121
stratified,754,1.0,0.8363717491113225
stratified,755,1.0,0.8363948302140348
stratified,756,1.0,0.8364620765566457
stratified,757,1.0,0.8364658097554483
stratified,758,1.0,0.8361857599958309
stratified,759,1.0,0.8362475115629056
stratified,760,1.0,0.8365636785094579
stratified,761,1.0,0.8364508773345447
stratified,762,1.0,0.8364182725722754
stratified,763,1.0,0.8367603382050768
stratified,764,1.0,0.8364861376118127
stratified,765,1.0,0.8361281119261824
stratified,766,1.0,0.8361092999906509
stratified,767,1.0,0.8356886835251532
stratified,768,1.0,0.8354083775518943
stratified,769,1.0,0.835428224454412
stratified,770,1.0,0.835549502591129
stratified,771,1.0,0.8356194942008581
stratified,772,1.0,0.8356150871234894
stratified,773,1.0,0.8360106634784286
stratified,774,1.0,0.8363046247527021
stratified,775,1.0,0.8363245644071996
stratified,776,1.0,0.8359633664129017
stratified,777,1.0,0.8360405470622836
stratified,778,1.0,0.8359248310236815
stratified,779,1.0,0.8363787353553102
stratified,780,1.0,0.836112598619028
stratified,781,1.0,0.8359408313557338
stratified,782,1.0,0.8363984503353971
stratified,783,1.0,0.8363614348248453
stratified,784,1.0,0.8363078091255913
stratified,785,1.0,0.8360166127952567
stratified,786,1.0,0.8356971851039354
stratified,787,1.0,0.8352887217559607
stratified,788,1.0,0.8353474538769114
stratified,789,1.0,0.8352761183338887
stratified,790,1.0,0.8352627809311443
stratified,791,1.0,0.8352380446405941
stratified,792,1.0,0.8352353632417624
stratified,793,1.0,0.8352268924561205
stratified,794,1.0,0.8353202267040284
stratified,795,1.0,0.8353026436148596
stratified,796,1.0,0.8352381610236854
stratified,797,1.0,0.8353205898283048
stratified,798,1.0,0.8353780588057361
stratified,799,1.0,0.8353943889380948
stratified,800,1.0,0.8353875237048675
stratified,801,1.0,0.8355071955407901
stratified,802,1.0,0.8356911574578664
stratified,803,1.0,0.8354495842462363
stratified,804,1.0,0.835742489541458
stratified,805,1.0,0.835606975344069
stratified,806,1.0,0.8356463554436243
stratified,807,1.0,0.8356967551886166
stratified,808,1.0,0.835656025260562
stratified,809,1.0,0.8356159408523672
stratified,810,1.0,0.8356701656283074
stratified,811,1.0,0.8357168748038892
stratified,812,1.0,0.8356654128517298
stratified,813,1.0,0.8356978719927278
stratified,814,1.0,0.8357146448155279
stratified,815,1.0,0.8357407418001253
stratified,816,1.0,0.8357121581371698
stratified,817,1.0,0.8357018993099331
stratified,818,1.0,0.8357276234857325
stratified,819,1.0,0.8357308804704472
stratified,820,1.0,0.8357166705548225
stratified,821,1.0,0.8356957454674867
stratified,822,1.0,0.8356583942163051
stratified,823,1.0,0.8357037958507696
stratified,824,1.0,0.8356010680035372
stratified,825,1.0,0.8356448445549879
stratified,826,1.0,0.8355650659949172
stratified,827,1.0,0.8354527108206271
stratified,828,1.0,0.8355997921542716
stratified,829,1.0,0.8355482714263777
stratified,830,1.0,0.8352899162452658
stratified,831,1.0,0.8354053706510858
stratified,832,1.0,0.8354139124613278
stratified,833,1.0,0.8355720219332338
stratified,834,1.0,0.8355798317676887
stratified,835,1.0,0.8354310187053369
stratified,836,1.0,0.8354956632635786
stratified,837,1.0,0.8354994083484849
stratified,838,1.0,0.8355815673562853
stratified,839,1.0,0.8356407139513589
stratified,840,1.0,0.8352113792248047
stratified,841,1.0,0.8352891731854243
stratified,842,1.0,0.8352665026790539
stratified,843,1.0,0.835252283955984
stratified,844,1.0,0.8352653616897279
stratified,845,1.0,0.8352174119637862
stratified,846,1.0,0.8353442619316779
stratified,847,1.0,0.8353939837308891
stratified,848,1.0,0.8351656246149007
stratified,849,1.0,0.8352073405493178
stratified,850,1.0,0.83521089329379
stratified,851,1.0,0.8351912272400023
stratified,852,1.0,0.8351888421215307
stratified,853,1.0,0.835170955776074
stratified,854,1.0,0.835228424127283
stratified,855,1.0,0.8352962601453388
stratified,856,1.0,0.8354599204945672
stratified,857,1.0,0.8354584915327888
stratified,858,1.0,0.8353744070666719
stratified,859,1.0,0.8354075640892058
stratified,860,1.0,0.8353456827970549
stratified,861,1.0,0.8353577466067157
stratified,862,1.0,0.8353783084802677
stratified,863,1.0,0.83547433584714
stratified,864,1.0,0.8353596823116232
stratified,865,1.0,0.8354476419927656
stratified,866,1.0,0.8354260059468476
stratified,867,1.0,0.8355739858317432
stratified,868,1.0,0.8356119700472896
stratified,869,1.0,0.8354786456079171
stratified,870,1.0,0.8355865057949267
stratified,871,1.0,0.8355227506860229
stratified,872,1.0,0.8355876844653588
stratified,873,1.0,0.8356036699608562
stratified,874,1.0,0.8356522352291008
stratified,875,1.0,0.8356528397172971
stratified,876,1.0,0.8357238606495375
stratified,877,1.0,0.8357089810877871
stratified,878,1.0,0.8355443920712847
stratified,879,1.0,0.835680047797203
stratified,880,1.0,0.8355751968499875
stratified,881,1.0,0.8356729325201829
stratified,882,1.0,0.8356853120712868
stratified,883,1.0,0.8356687722457371
stratified,884,1.0,0.8355528629451933
stratified,885,1.0,0.8356866874648391
stratified,886,1.0,0.8356958786641698
stratified,887,1.0,0.8356758057970388
stratified,888,1.0,0.8357002533867269
stratified,889,1.0,0.8356979182130705
stratified,890,1.0,0.8357180947698977
stratified,891,1.0,0.8357056202236575
stratified,892,1.0,0.8356435188323634
stratified,893,1.0,0.8358020501266595
stratified,894,1.0,0.835688859618733
stratified,895,1.0,0.8356692479458702
stratified,896,1.0,0.8357450314867921
stratified,897,1.0,0.8357545596243409
stratified,898,1.0,0.8356586652110439
stratified,899,1.0,0.8356723514250747
stratified,900,1.0,0.8355210530809619
stratified,901,1.0,0.8355396765219733
stratified,902,1.0,0.8355524056843062
stratified,903,1.0,0.8355413198335189
stratified,904,1.0,0.8354530410875782
stratified,905,1.0,0.8354346125250656
stratified,906,1.0,0.8355632454566873
stratified,907,1.0,0.8354269432413691
stratified,908,1.0,0.8354153993393033
stratified,909,1.0,0.8355476958738158
stratified,910,1.0,0.8356396605667902
stratified,911,1.0,0.8357235796653265
stratified,912,1.0,0.8356537506403537
stratified,913,1.0,0.8356046792825663
stratified,914,1.0,0.8355084663111294
stratified,915,1.0,0.8355045176535748
stratified,916,1.0,0.8354622736796807
stratified,917,1.0,0.835383151858415
stratified,918,1.0,0.8354564611635747
stratified,919,1.0,0.835551565669064
stratified,920,1.0,0.8352395069650782
stratified,921,1.0,0.8354811691246503
stratified,922,1.0,0.8352510761187772
stratified,923,1.0,0.8353315828914414
stratified,924,1.0,0.8349512481844724
stratified,925,1.0,0.834808204412197
stratified,926,1.0,0.8347374780488204
stratified,927,1.0,0.834788826961359
stratified,928,1.0,0.8348209788694531
stratified,929,1.0,0.8348858262785833
stratified,930,1.0,0.8346341217532693
stratified,931,1.0,0.8346419343246735
stratified,932,1.0,0.8346842306198593
stratified,933,1.0,0.8346762724523757
stratified,934,1.0,0.8347824373069734
stratified,935,1.0,0.8348903264903306
stratified,936,1.0,0.8348516883146273
stratified,937,1.0,0.8349391230929567
stratified,938,1.0,0.8349452189898303
stratified,939,1.0,0.8349578755016134
stratified,940,1.0,0.8349979197654914
stratified,941,1.0,0.835007102873675
stratified,942,1.0,0.8350630197928344
stratified,943,1.0,0.8349379972984328
stratified,944,1.0,0.8348231667015462
stratified,945,1.0,0.8349757985132789
stratified,946,1.0,0.834880729358139
stratified,947,1.0,0.8351297158726558
stratified,948,1.0,0.835118821359421
stratified,949,1.0,0.835004754629659
stratified,950,1.0,0.8350396816184615
stratified,951,1.0,0.8351105839925556
stratified,952,1.0,0.8350567337879397
stratified,953,1.0,0.8350248656614152
stratified,954,1.0,0.8349945075416484
stratified,955,1.0,0.8350863088052894
stratified,956,1.0,0.835001409345249
stratified,957,1.0,0.835147966814598
stratified,958,1.0,0.8351264622613196
stratified,959,1.0,0.8351670640852555
stratified,960,1.0,0.8351012489352497
stratified,961,1.0,0.8351389486708998
stratified,962,1.0,0.8350670298092553
stratified,963,1.0,0.8350380853853921
stratified,964,1.0,0.8351198272146693
stratified,965,1.0,0.8351453274364146
stratified,966,1.0,0.8351758414073291
stratified,967,1.0,0.8351693418615486
stratified,968,1.0,0.8353060458278619
stratified,969,1.0,0.8351851999806041
stratified,970,1.0,0.8351867027048402
stratified,971,1.0,0.8352029818900888
stratified,972,1.0,0.8352618064155787
stratified,973,1.0,0.8352563669848343
stratified,974,1.0,0.8352733448342672
stratified,975,1.0,0.8352926554378053
stratified,976,1.0,0.8353026189554322
stratified,977,1.0,0.8353653212128935
stratified,978,1.0,0.8353705237907622
stratified,979,1.0,0.8353146374962418
stratified,980,1.0,0.835265094749145
stratified,981,1.0,0.8344890134536458
stratified,982,1.0,0.8344754683126113
stratified,983,1.0,0.8345195088382591
stratified,984,1.0,0.8345656722165447
stratified,985,1.0,0.8346153988530577
stratified,986,1.0,0.8346554272095535
stratified,987,1.0,0.834667991387636
stratified,988,1.0,0.834712275967304
stratified,989,1.0,0.8347067276505965
stratified,990,1.0,0.834718048006353
stratified,991,1.0,0.8347721026385699
stratified,992,1.0,0.8347240750130467
stratified,993,1.0,0.8347331088600639
stratified,994,1.0,0.8347523786452811
stratified,995,1.0,0.834787896726735
stratified,996,1.0,0.8348045481099229
stratified,997,1.0,0.8348163417707657
stratified,998,1.0,0.834799207000018
stratified,999,1.0,0.834787984569748
stratified,1000,1.0,0.8347766783539244
stratified,1001,1.0,0.8347678578228873
stratified,1002,1.0,0.8347621968295722
stratified,1003,1.0,0.8347749830760792
stratified,1004,1.0,0.83436234722349
stratified,1005,1.0,0.8338552097208731
stratified,1006,1.0,0.8342690596031292
stratified,1007,1.0,0.8343010280897267
stratified,1008,1.0,0.8338778627893481
stratified,1009,1.0,0.8338386174027468
stratified,1010,1.0,0.8338253280648091
stratified,1011,1.0,0.8342796221069837
stratified,1012,1.0,0.8338355851177884
stratified,1013,1.0,0.8339180520040506
stratified,1014,1.0,0.8338620468733989
stratified,1015,1.0,0.8334191728121423
stratified,1016,1.0,0.8334340287793656
stratified,1017,1.0,0.8338604767090538
stratified,1018,1.0,0.8334178905166432
stratified,1019,1.0,0.8338620977321274
stratified,1020,1.0,0.8338453317902236
stratified,1021,1.0,0.8338009997410203
stratified,1022,1.0,0.8338087418456139
stratified,1023,1.0,0.8338521864918541
stratified,1024,1.0,0.8339299751503957
stratified,1025,1.0,0.8338476498668516
stratified,1026,1.0,0.8338635618419483
stratified,1027,1.0,0.8338830968762048
stratified,1028,1.0,0.8340577766977519
stratified,1029,1.0,0.8338991344410824
stratified,1030,1.0,0.8338770122756484
stratified,1031,1.0,0.8339616409507966
stratified,1032,1.0,0.833906409902108
stratified,1033,1.0,0.8339709234793243
stratified,1034,1.0,0.833917886717698
stratified,1035,1.0,0.8338602419824499
stratified,1036,1.0,0.8337569365731026
stratified,1037,1.0,0.8333012494792446
stratified,1038,1.0,0.8333765393581912
stratified,1039,1.0,0.8334251522879013
stratified,1040,1.0,0.8334597033860853
stratified,1041,1.0,0.8333867125857856
stratified,1042,1.0,0.8338904284447022
stratified,1043,1.0,0.8340152936279931
stratified,1044,1.0,0.8339861648565964
stratified,1045,1.0,0.8335384231677505
stratified,1046,1.0,0.8335367860825036
stratified,1047,1.0,0.8335288135481954
stratified,1048,1.0,0.8334627240037241
stratified,1049,1.0,0.8335345842789745
stratified,1050,1.0,0.8335463265466168
stratified,1051,1.0,0.8335350691713956
stratified,1052,1.0,0.833504135982648
stratified,1053,1.0,0.8335378258514815
stratified,1054,1.0,0.8335315856554071
stratified,1055,1.0,0.8335454287135452
stratified,1056,1.0,0.8335115922611301
stratified,1057,1.0,0.8334810648275345
stratified,1058,1.0,0.8334724145286173
stratified,1059,1.0,0.8334765079543975
stratified,1060,1.0,0.8334317554860202
stratified,1061,1.0,0.8334210709120246
stratified,1062,1.0,0.8334426398256937
stratified,1063,1.0,0.8334626159621131
stratified,1064,1.0,0.8333964399616668
stratified,1065,1.0,0.8333901700581334
stratified,1066,1.0,0.8334824295587646
stratified,1067,1.0,0.8333518819421629
stratified,1068,1.0,0.8333459188456438
stratified,1069,1.0,0.8335190567199121
stratified,1070,1.0,0.8334420843450695
stratified,1071,1.0,0.8334614943372669
stratified,1072,1.0,0.8334373097917573
stratified,1073,1.0,0.8334343189949703
stratified,1074,1.0,0.833443218407573
stratified,1075,1.0,0.8334480800320825
stratified,1076,1.0,0.8335232736855135
stratified,1077,1.0,0.8335321396625429
stratified,1078,1.0,0.8334749318816748
stratified,1079,1.0,0.8335430327135817
stratified,1080,1.0,0.8335365745618688
stratified,1081,1.0,0.8335335488582148
stratified,1082,1.0,0.8334753315540331
stratified,1083,1.0,0.8334891859970935
stratified,1084,1.0,0.8334538813754626
stratified,1085,1.0,0.833467851558782
stratified,1086,1.0,0.8335191873171488
stratified,1087,1.0,0.8334732855871274
stratified,1088,1.0,0.8334744243447789
stratified,1089,1.0,0.8335486702168549
stratified,1090,1.0,0.8334802931523749
stratified,1091,1.0,0.8334769830816271
stratified,1092,1.0,0.8334613252843516
stratified,1093,1.0,0.8335091365637172
stratified,1094,1.0,0.8335132406703176
stratified,1095,1.0,0.8334762423885308
stratified,1096,1.0,0.8334506346954713
stratified,1097,1.0,0.8333928524318243
stratified,1098,1.0,0.8334180678569004
stratified,1099,1.0,0.8333706422830646
stratified,1100,1.0,0.8333377348357818
stratified,1101,1.0,0.8333458514843127
stratified,1102,1.0,0.8333231036645946
stratified,1103,1.0,0.8332874848115847
stratified,1104,1.0,0.8333599452495103
stratified,1105,1.0,0.8333567723609654
stratified,1106,1.0,0.8334902556236037
stratified,1107,1.0,0.8334668062030249
stratified,1108,1.0,0.8332796690656956
stratified,1109,1.0,0.8332675013865006
stratified,1110,1.0,0.8332793042811988
stratified,1111,1.0,0.8333471820512235
stratified,1112,1.0,0.8333306452342478
stratified,1113,1.0,0.8333549585592585
stratified,1114,1.0,0.8333305589032127
stratified,1115,1.0,0.8331419936083448
stratified,1116,1.0,0.8331430570428885
stratified,1117,1.0,0.8332062241831348
stratified,1118,1.0,0.8333151924765559
stratified,1119,1.0,0.8333483964535343
stratified,1120,1.0,0.8332746724680089
stratified,1121,1.0,0.8332293126498673
stratified,1122,1.0,0.8333166446415352
stratified,1123,1.0,0.8334358633938342
stratified,1124,1.0,0.8334880237053083
stratified,1125,1.0,0.8335276408717969
stratified,1126,1.0,0.8335440053286084
stratified,1127,1.0,0.8335305316627907
stratified,1128,1.0,0.8333354505432051
stratified,1129,1.0,0.8333586794198675
stratified,1130,1.0,0.8333736861956876
stratified,1131,1.0,0.8333734675749187
stratified,1132,1.0,0.8334338418184892
stratified,1133,1.0,0.833428838644317
stratified,1134,1.0,0.8334323786731583
stratified,1135,1.0,0.8334060904633886
stratified,1136,1.0,0.8334195093663277
stratified,1137,1.0,0.833387207801018
stratified,1138,1.0,0.8332987852927374
stratified,1139,1.0,0.8333130465795997
stratified,1140,1.0,0.8334253708985415
stratified,1141,1.0,0.8334447825663636
stratified,1142,1.0,0.8334699051849742
stratified,1143,1.0,0.8334474950043242
stratified,1144,1.0,0.833448886610359
stratified,1145,1.0,0.8334380043381119
stratified,1146,1.0,0.8334765211816889
stratified,1147,1.0,0.8334279450662111
stratified,1148,1.0,0.8335334296257193
stratified,1149,1.0,0.8335043159965354
stratified,1150,1.0,0.8335997270944925
stratified,1151,1.0,0.8335201336818054
stratified,1152,1.0,0.8336642027946607
stratified,1153,1.0,0.8336052693641837
stratified,1154,1.0,0.833701737822953
stratified,1155,1.0,0.8337087455369273
stratified,1156,1.0,0.8337105778873558
stratified,1157,1.0,0.8336813927206954
stratified,1158,1.0,0.8336678756101923
stratified,1159,1.0,0.8336755030251686
stratified,1160,1.0,0.8336426728232188
stratified,1161,1.0,0.8336400688575809
stratified,1162,1.0,0.8336128882435452
stratified,1163,1.0,0.8331629426057622
stratified,1164,1.0,0.8331604799316585
stratified,1165,1.0,0.833607453498081
stratified,1166,1.0,0.8336312217167365
stratified,1167,1.0,0.8335446245490272
stratified,1168,1.0,0.8335378293665092
stratified,1169,1.0,0.833643668893216
stratified,1170,1.0,0.8335488693189382
stratified,1171,1.0,0.8336309397171648
stratified,1172,1.0,0.833467407073245
stratified,1173,1.0,0.8330134832763205
stratified,1174,1.0,0.8329999394953816
stratified,1175,1.0,0.8330005483103493
stratified,1176,1.0,0.8330001524077335
stratified,1177,1.0,0.8331060339651348
stratified,1178,1.0,0.8331423954172621
stratified,1179,1.0,0.8331378984902786
stratified,1180,1.0,0.833229492630185
stratified,1181,1.0,0.8328772934185803
stratified,1182,1.0,0.8330191311924934
stratified,1183,1.0,0.8330206132868269
stratified,1184,1.0,0.8334980547962226
stratified,1185,1.0,0.8335036458364823
stratified,1186,1.0,0.8336204052909626
stratified,1187,1.0,0.8337107373814377
stratified,1188,1.0,0.8337075806752092
stratified,1189,1.0,0.8336177596059845
stratified,1190,1.0,0.8336829064025917
stratified,1191,1.0,0.8336001989165713
stratified,1192,1.0,0.833617295054869
stratified,1193,1.0,0.8335925490594681
stratified,1194,1.0,0.8336183558521585
stratified,1195,1.0,0.8336254966017161
stratified,1196,1.0,0.8337262756872187
stratified,1197,1.0,0.8337225322640932
stratified,1198,1.0,0.8337257689709086
stratified,1199,1.0,0.8336456812360425
stratified,1200,1.0,0.8338451877035407
chronological,1,0.3080611595747761,0.3262217430445524
chronological,2,0.6866890273968412,0.6969824608839715
chronological,3,0.7464339652037113,0.7456899160651318
chronological,4,0.7860238875292274,0.7578721952536092
chronological,5,0.7886094654624894,0.7532666203863979
chronological,6,0.7890240656252725,0.7568678210517537
chronological,7,0.7895505524313448,0.7573610972453637
chronological,8,0.8080870937600128,0.7590523641699939
chronological,9,0.810043325317807,0.7599173803232243
chronological,10,0.8153845339304798,0.7619958772061315
chronological,11,0.8164006108820842,0.7612531513479911
chronological,12,0.8186051711823553,0.7602235438285452
chronological,13,0.8205605115134049,0.7603588885486363
chronological,14,0.8226145883240731,0.7600165502198757
chronological,15,0.8260435266051327,0.7610120558352892
chronological,16,0.8314716696041548,0.7616380642706684
chronological,17,0.8361026459702674,0.7628493698292244
chronological,18,0.8374996283379867,0.7627803359342165
chronological,19,0.8422095645726437,0.7647463887913455
chronological,20,0.8445699620746333,0.7661488081170881
chronological,21,0.8473980673189568,0.7680447321636891
chronological,22,0.8500133730126431,0.7690981581670344
chronological,23,0.8508749672404836,0.7701133699035989
chronological,24,0.8518335644848319,0.7706735032473073
chronological,25,0.8528207280304346,0.7706710839906328
chronological,26,0.8545459037605276,0.7725923598401108
chronological,27,0.8557833414438469,0.7743983419361025
chronological,28,0.8587607384986047,0.7742011857306507
chronological,29,0.8603543766772362,0.775134752743216
chronological,30,0.8619260186434855,0.7753405499370264
chronological,31,0.8633600063404038,0.7753914797717053
chronological,32,0.8648525307414594,0.7777427196139388
chronological,33,0.8664904851898998,0.7781681716382859
chronological,34,0.8682586745469687,0.7791591725575373
chronological,35,0.8693058538127819,0.7792817637980531
chronological,36,0.8704585870024361,0.780003751112785
chronological,37,0.8712817005684766,0.7798432988628454
chronological,38,0.872400055120655,0.7796310218296368
chronological,39,0.8739390729732537,0.7810783106493373
chronological,40,0.875041650248683,0.781326826336157
chronological,41,0.8760433160977597,0.7821829005384565
chronological,42,0.8775462684384996,0.7832252438599134
chronological,43,0.8788686925190803,0.783711205868338
chronological,44,0.8795113518300639,0.7836983041116761
chronological,45,0.8805194922625261,0.7841222630045269
chronological,46,0.8814364109216901,0.7839980144598107
chronological,47,0.8822657831271763,0.7838794772747951
chronological,48,0.8836922056156765,0.7848975010479148
chronological,49,0.8851660812641116,0.7849795743133151
chronological,50,0.8861017535508834,0.785085149240321
chronological,51,0.8871862119948956,0.7858023073127084
chronological,52,0.8880150477398632,0.7862656790110516
chronological,53,0.8888130681731106,0.7862771239456153
chronological,54,0.890048381136301,0.7870146785570663
chronological,55,0.8907770106027945,0.7868124120565113
chronological,56,0.8922711324688649,0.7869902426203814
chronological,57,0.8930903379534737,0.7880143802965259
chronological,58,0.8943254041242458,0.7880973815194486
chronological,59,0.895460366471389,0.7879174211005282
chronological,60,0.8960724404459541,0.7881009291423913
chronological,61,0.8970441479385295,0.7884243861068854
chronological,62,0.8977008033173685,0.7881326874713549
chronological,63,0.8987875261548721,0.7882607826568097
chronological,64,0.8994937205701775,0.7889926127312613
chronological,65,0.9000876657034975,0.7891439476781771
chronological,66,0.9007947933214695,0.7891460921152436
chronological,67,0.9014754123242403,0.7893562483669238
chronological,68,0.902130287008216,0.7895730286112227
chronological,69,0.9029306296279631,0.7896930397174635
chronological,70,0.9037014279355263,0.7897020477600358
chronological,71,0.9043538596408074,0.7896690823768421
chronological,72,0.9051483053266989,0.7897956526193001
chronological,73,0.9061942038121101,0.790035393303772
chronological,74,0.9068767134148616,0.7899831070566995
chronological,75,0.9076068299695196,0.7897320192719238
chronological,76,0.9079780902159712,0.7901696181311033
chronological,77,0.9085209025012946,0.7910867514768882
chronological,78,0.9092354647714558,0.7917705579178189
chronological,79,0.909759622171656,0.7923112619108729
chronological,80,0.9102719282486316,0.7923016920635325
chronological,81,0.9110839365887603,0.792512650128998
chronological,82,0.9121030744650358,0.7916800552231118
chronological,83,0.9125639505363421,0.7919079355519227
chronological,84,0.913087776036344,0.7920353139440742
chronological,85,0.9138166308057712,0.7920407706304695
chronological,86,0.9142300772679873,0.7924402816410343
chronological,87,0.9147366226633763,0.7923089776157486
chronological,88,0.9155426114868975,0.791616433067449
chronological,89,0.9160578162814631,0.7919040732732081
chronological,90,0.9166116790434159,0.7921894802825246
chronological,91,0.9173996551391239,0.7923817564757627
chronological,92,0.9180405292115832,0.792153428750724
chronological,93,0.9186037577749553,0.7922977026716245
chronological,94,0.9192927264060896,0.7927220615272499
chronological,95,0.9197926854737044,0.7924657901285697
chronological,96,0.9205432386739482,0.7924063119942375
chronological,97,0.9211564774858754,0.7924662663785684
chronological,98,0.9218597724558701,0.7921945425234457
chronological,99,0.9225085602868723,0.7928832927143585
chronological,100,0.9231933462985303,0.7934270551916729
chronological,101,0.9239071794090954,0.7932349266047197
chronological,102,0.9245181209321959,0.7930602821704155
chronological,103,0.9249707786771555,0.7933111320114059
chronological,104,0.9256282659538466,0.7936244666932943
chronological,105,0.9261346098435239,0.7938229279772222
chronological,106,0.9264640308027954,0.7939019560150566
chronological,107,0.9269767026949531,0.7939360642660311
chronological,108,0.9274705612909349,0.7940602725983108
chronological,109,0.9281340856053273,0.7944731119847783
chronological,110,0.9284311063860223,0.7948663220664334
chronological,111,0.9290637914232933,0.7948326894658319
chronological,112,0.9296492257796862,0.79482835356774
chronological,113,0.9302411301845486,0.7949226917114891
chronological,114,0.9309225123873286,0.7948659299946693
chronological,115,0.9313265526449123,0.7957567983293927
chronological,116,0.9316171792236336,0.795678394436852
chronological,117,0.9319714326146443,0.7957103609516623
chronological,118,0.9324265687810268,0.795501330009587
chronological,119,0.9333053106979695,0.7956979942589449
chronological,120,0.9338602313317257,0.7958024692735693
chronological,121,0.9343484709083735,0.7961216170512732
chronological,122,0.9349383535489035,0.7957714935895546
chronological,123,0.9355744931558236,0.7961613885616412
chronological,124,0.9360624277206637,0.7959761642270909
chronological,125,0.9364430671170323,0.7966670341784792
chronological,126,0.9369839828946372,0.7966850001714428
chronological,127,0.9376494548433179,0.7965435705659368
chronological,128,0.9383595035181183,0.7964427685469524
chronological,129,0.9389858761689996,0.7970581260092584
chronological,130,0.9394810742019257,0.7969103130703543
chronological,131,0.9401109265342019,0.7974311864874173
chronological,132,0.9405519820973615,0.79762687701383
chronological,133,0.9408846411661727,0.7971370981704219
chronological,134,0.9418190620948185,0.7978974094468776
chronological,135,0.9422560442334158,0.7976367515401396
chronological,136,0.9427077704315522,0.7976972490124293
chronological,137,0.9431083409377027,0.7976081942913587
chronological,138,0.9436455958256258,0.7974122740861144
chronological,139,0.9440350864881444,0.7973324100509233
chronological,140,0.9447695871530352,0.7972307038818784
chronological,141,0.945556544157602,0.7966456796092136
chronological,142,0.9460652940683848,0.7968357603009271
chronological,143,0.9466528392212034,0.7966238460771027
chronological,144,0.9473675507514836,0.7966896987161803
chronological,145,0.948147869779445,0.7970158234375136
chronological,146,0.9484932769760878,0.7968214842245536
chronological,147,0.949188244289826,0.7965170549424005
chronological,148,0.9497770832026442,0.7967173046034707
chronological,149,0.9502611476007091,0.7969471966433517
chronological,150,0.9508426532757853,0.7966750792736564
chronological,151,0.9513047845516349,0.7974471188478705
chronological,152,0.9518998321136981,0.7974878171705098
chronological,153,0.9523662222913565,0.7972331632566361
chronological,154,0.9528320936757828,0.7970537181041875
chronological,155,0.9533341330262955,0.7972462112146149
chronological,156,0.9537878404466155,0.7973511477818118
chronological,157,0.9540744093465636,0.7973363071373467
chronological,158,0.9543408726908962,0.7975454084252075
chronological,159,0.9547025657840413,0.7971837393154209
chronological,160,0.9551928765021082,0.7972402973279826
chronological,161,0.9561366472688552,0.797269942055072
chronological,162,0.956614233656328,0.7974893498497113
chronological,163,0.9571712586197716,0.7974501561428631
chronological,164,0.9575768401644694,0.7968123575365218
chronological,165,0.9579039386206232,0.7973008366894601
chronological,166,0.9583693901961117,0.7973071269593317
chronological,167,0.9588984202905013,0.7974784873692177
chronological,168,0.9591615635906714,0.7968874268190276
chronological,169,0.9597963202103911,0.7971922644020201
chronological,170,0.9603963087245493,0.7971020816681775
chronological,171,0.9608307333171012,0.7969505653518877
chronological,172,0.9613091049213457,0.7973755540661547
chronological,173,0.9617540883665788,0.7973417870206121
chronological,174,0.9621771274358637,0.7976329045564945
chronological,175,0.9627120773941646,0.7969088991745642
chronological,176,0.9631076711622706,0.7968795594795064
chronological,177,0.9635935089155486,0.7966192694372409
chronological,178,0.9640720054125395,0.7964373793131517
chronological,179,0.9646605266459392,0.7963705096026019
chronological,180,0.9647748417737944,0.7963313629212871
chronological,181,0.9652761243852684,0.7964985141548734
chronological,182,0.9655487299281078,0.7961373138344221
chronological,183,0.9658808545821932,0.7967232902215056
chronological,184,0.9660961716081662,0.7965707069155147
chronological,185,0.9663876889330372,0.7962058311084044
chronological,186,0.9667796595088664,0.795638368215918
chronological,187,0.9673456739612434,0.7956838267767563
chronological,188,0.9679479935584668,0.7956454246038962
chronological,189,0.9683739032524505,0.7957557717037981
chronological,190,0.9687355761089278,0.7957853920959657
chronological,191,0.9690002265479324,0.7961546060371041
chronological,192,0.9693652341634358,0.7962045814595776
chronological,193,0.9698538324691152,0.796277212498145
chronological,194,0.9702207863637412,0.7960288477408378
chronological,195,0.9704967889200526,0.7967505484158951
chronological,196,0.9708771237780072,0.7964167135283482
chronological,197,0.971225355972314,0.7965160839734079
chronological,198,0.9718781777879625,0.7958139834574713
chronological,199,0.9722349595962771,0.7957360158169685
chronological,200,0.9725121083032714,0.795457236865498
chronological,201,0.9731468373967952,0.795579129913433
chronological,202,0.9733519772706007,0.7954052396512871
chronological,203,0.9737383300850622,0.7953253121727095
chronological,204,0.9741504577226267,0.7953774831260857
chronological,205,0.9744200231586236,0.7951991169125664
chronological,206,0.9745630946502152,0.7954404414398506
chronological,207,0.9749462874083913,0.7954616290227231
chronological,208,0.9754582885353469,0.7954564445980491
chronological,209,0.9758201909390117,0.795643509550775
chronological,210,0.9763142695209652,0.7952519281510251
chronological,211,0.9767816689208952,0.7953226250576805
chronological,212,0.9771916402505874,0.7956793342981594
chronological,213,0.97763421609114,0.7956182725607721
chronological,214,0.9779502996888861,0.7954743299662034
chronological,215,0.9781250036155821,0.7956780376593614
chronological,216,0.9783391755388452,0.7957459357462086
chronological,217,0.9786205302120947,0.7955147499065388
chronological,218,0.9787813131649271,0.7958308968906757
chronological,219,0.9790799060378876,0.795574024404027
chronological,220,0.979315664779508,0.7956216435832039
chronological,221,0.9796773494253289,0.7951677230004492
chronological,222,0.9800855828201379,0.7953102593120774
chronological,223,0.9803234036726304,0.7951669811838169
chronological,224,0.9805951493353915,0.7952432585201306
chronological,225,0.9810734850974799,0.7950843367687495
chronological,226,0.9814884322470994,0.7954769442212151
chronological,227,0.9819438426598367,0.7951886463187332
chronological,228,0.9824440143166333,0.7951646432429248
chronological,229,0.9826320308150238,0.7953060578289579
chronological,230,0.9829578478953076,0.7957724027696694
chronological,231,0.9834856784394372,0.7956491663105052
chronological,232,0.9837185012791898,0.7955341966727104
chronological,233,0.9841202267562088,0.7955648300911057
chronological,234,0.9844010893152852,0.795671840619192
chronological,235,0.9845494437026223,0.7958019448864745
chronological,236,0.9847387602155162,0.7957330366726209
chronological,237,0.9850805714555406,0.7954872736595346
chronological,238,0.9854545006733025,0.795672130587525
chronological,239,0.9857564994719432,0.7955379824239944
chronological,240,0.9860721659545177,0.7956476847492886
chronological,241,0.9862690673462985,0.795604858066559
chronological,242,0.986395031366367,0.7957085743069929
chronological,243,0.9866559839160037,0.7956411890519032
chronological,244,0.9868870726143067,0.7958740720496715
chronological,245,0.987225395963711,0.7961587790393826
chronological,246,0.9874039334103002,0.7956788484841497
chronological,247,0.9878373430724611,0.7956365582456298
chronological,248,0.988031728781831,0.795608861285964
chronological,249,0.9882841735700397,0.795669810772524
chronological,250,0.9883597841314253,0.7956048925514135
chronological,251,0.9886210859617981,0.7963859615712892
chronological,252,0.9889238425568603,0.7963783719421302
chronological,253,0.9889855822159315,0.7962866508621737
chronological,254,0.9890918884130224,0.7961017917224793
chronological,255,0.9893778796275824,0.7963562387262838
chronological,256,0.9895771162946003,0.7961128340950668
chronological,257,0.9898128097810264,0.7962584634526284
chronological,258,0.9899653225106099,0.7959251775402895
chronological,259,0.9901106495601006,0.7957997977067817
chronological,260,0.9902043363306767,0.7956086214898114
chronological,261,0.990406099558868,0.7955418856282143
chronological,262,0.9905575330571244,0.7954276319914677
chronological,263,0.9907061727844265,0.7957151011558589
chronological,264,0.9907745402908007,0.7953907423261048
chronological,265,0.9910147670772069,0.795389564325879
chronological,266,0.9911999341654527,0.7957701294145875
chronological,267,0.9913607127161378,0.7957217385389359
chronological,268,0.991448686613619,0.7960509809889003
chronological,269,0.9916198151383022,0.7957861079190622
chronological,270,0.9917297960315221,0.7958742408007095
chronological,271,0.9918112090615927,0.7959734219716722
chronological,272,0.992007851962646,0.7960007436045589
chronological,273,0.99212857699607,0.7962416470375262
chronological,274,0.992295814668419,0.7966280923578379
chronological,275,0.9924263938825716,0.7960136969049236
chronological,276,0.992450831738743,0.79606989759573
chronological,277,0.9925748914991674,0.7962083983935375
chronological,278,0.9928023927946997,0.7959167829652714
chronological,279,0.9929500872426238,0.7960179323829262
chronological,280,0.9931860976192034,0.7959241281797245
chronological,281,0.9934043795311229,0.7962368512103674
chronological,282,0.9935113199177671,0.7963147110658252
chronological,283,0.9936656411704444,0.7960935965194331
chronological,284,0.9938247696348794,0.7960767686699398
chronological,285,0.9940602213095207,0.7954092683204174
chronological,286,0.994171687687655,0.7956607428990342
chronological,287,0.9943163052337605,0.7960194020832514
chronological,288,0.9944532446263037,0.795682098487643
chronological,289,0.9945578215436427,0.7958578611404367
chronological,290,0.9946472519303331,0.7961214639255443
chronological,291,0.9947435006347051,0.7961534626188012
chronological,292,0.9948335701633791,0.7962150397423874
chronological,293,0.9949049697376132,0.795883174010934
chronological,294,0.9949486299049474,0.7957582413223251
chronological,295,0.9950500397338987,0.7959399040523691
chronological,296,0.9951600627333925,0.7959393512640385
chronological,297,0.9952118677337571,0.7960760303590992
chronological,298,0.995306122393986,0.7959228387386063
chronological,299,0.9953422394140434,0.7958467774470047
chronological,300,0.9954332464800455,0.795659483847148
chronological,301,0.9955641809594385,0.7961770967477565
chronological,302,0.9956335914405126,0.7961936297990226
chronological,303,0.9957872332139903,0.7960098667820436
chronological,304,0.99590249698668,0.7958811297946748
chronological,305,0.9959722943941814,0.7955976556855504
chronological,306,0.9961297230887284,0.7953140559947438
chronological,307,0.9962080230946966,0.7954525245683569
chronological,308,0.9962040084037724,0.7957072770960334
chronological,309,0.996299131073852,0.7957054805161554
chronological,310,0.9963712318642505,0.7956367445393443
chronological,311,0.9963755369975926,0.7953922191344084
chronological,312,0.9964280491675455,0.7951847999685893
chronological,313,0.9964734238723081,0.7954322234389984
chronological,314,0.9965009093304248,0.795662316684646
chronological,315,0.9965909203882383,0.7957762231989126
chronological,316,0.9966206455910162,0.7958088169294126
chronological,317,0.9966819631861812,0.7959043508581692
chronological,318,0.9967038307610347,0.7957976453560754
chronological,319,0.9967507792560575,0.7959098606251181
chronological,320,0.9968060769402641,0.7958477242715478
chronological,321,0.9968932562137872,0.7958508771086309
chronological,322,0.996947259802159,0.7960179430365325
chronological,323,0.9969517046368709,0.7960183268917029
chronological,324,0.997057483617896,0.7959133422512128
chronological,325,0.9971056665037444,0.7959787801097147
chronological,326,0.99714952031001,0.7960267411571678
chronological,327,0.997217619915921,0.7959269727191685
chronological,328,0.9973337573175837,0.7960157231321819
chronological,329,0.9973537295887898,0.7956849310362637
chronological,330,0.9973965654348932,0.795814985091378
chronological,331,0.997447260953153,0.7960743150945357
chronological,332,0.9975438616602241,0.7959050396825376
chronological,333,0.997598896213136,0.7959192906570742
chronological,334,0.9976237666640544,0.7961572218621371
chronological,335,0.997675155930949,0.7958543696786774
chronological,336,0.9977141611035105,0.7956904284036277
chronological,337,0.9977652893821495,0.7958282511178922
chronological,338,0.9978419986965085,0.7956730383864801
chronological,339,0.9978597814050792,0.7956637861788516
chronological,340,0.9978931526633577,0.7957202919018462
chronological,341,0.9979768055070821,0.795724711631795
chronological,342,0.9980142574139468,0.7957106897161619
chronological,343,0.9980326408505724,0.7956379552431292
chronological,344,0.9980960406148849,0.7957419231200978
chronological,345,0.998138961634242,0.7956736926948381
chronological,346,0.9981687063244812,0.7957871600622289
chronological,347,0.9981860477433593,0.7956738131504837
chronological,348,0.9982304931826119,0.7956781662618867
chronological,349,0.9983072070614416,0.7956445766995078
chronological,350,0.9983118643796111,0.7956475608097159
chronological,351,0.9983608447241769,0.7956788365882209
chronological,352,0.998400687912271,0.7957374702729958
chronological,353,0.9984284267249607,0.7957707157874085
chronological,354,0.9984530286540475,0.7955636812928727
chronological,355,0.9985070156549959,0.7952742509792599
chronological,356,0.9985377564890012,0.795364539761345
chronological,357,0.9985598486878674,0.7955769206242923
chronological,358,0.998557410008904,0.7955280227031626
chronological,359,0.9985827349564109,0.7952478566859777
chronological,360,0.9985889034159313,0.7955767616257075
chronological,361,0.9986059236092587,0.7955169120199121
chronological,362,0.9986557998444676,0.7956868800512612
chronological,363,0.9987000031737097,0.7954975078771034
chronological,364,0.998717663142576,0.7954276757304614
chronological,365,0.9987093720438224,0.7954481905702393
chronological,366,0.9987928428244253,0.7953559521404988
chronological,367,0.9988175563855255,0.7950525562345592
chronological,368,0.9988293648881904,0.7951426376519745
chronological,369,0.9988723295709748,0.7950764617121171
chronological,370,0.9988790941247823,0.7952453492418735
chronological,371,0.9988839571928414,0.7952934017892492
chronological,372,0.9989200902033506,0.795129696669693
chronological,373,0.9989369175787659,0.7951014545490274
chronological,374,0.9989489155877899,0.7950227192643216
chronological,375,0.9989726200208972,0.7949850383250261
chronological,376,0.9989855336812398,0.7949872544340139
chronological,377,0.9989909976631365,0.7949624656174429
chronological,378,0.9990223682900127,0.7949359843933391
chronological,379,0.9990649212079811,0.7949485191900485
chronological,380,0.9990948415060996,0.7948585633138504
chronological,381,0.9991125630301889,0.7947102939129074
chronological,382,0.9991419441226641,0.7946953104068364
chronological,383,0.9991602465517361,0.7948906083882633
chronological,384,0.9992073058316443,0.7948623412580949
chronological,385,0.9992191579248635,0.7948410699332366
chronological,386,0.9992509418595967,0.7947986663308507
chronological,387,0.9992453335585619,0.7947929918896083
chronological,388,0.9992334533990659,0.794746183477897
chronological,389,0.9992576319863639,0.7946074968718291
chronological,390,0.9992818986721698,0.7945226850037383
chronological,391,0.9993007262272545,0.7946480227660669
chronological,392,0.9993069992565046,0.7943695895018369
chronological,393,0.9993252545652542,0.7943391588448271
chronological,394,0.9993501911997998,0.7945808509348413
chronological,395,0.9993744873385434,0.7946122452156889
chronological,396,0.9994003404595068,0.7945668331507614
chronological,397,0.9994254344903284,0.7946429928163028
chronological,398,0.9994445116057907,0.7944796524078142
chronological,399,0.9994684458833911,0.7946180088575666
chronological,400,0.9994997016440793,0.7942427630104425
chronological,401,0.9994874901811308,0.794236565152299
chronological,402,0.9994995165076688,0.7944794681894037
chronological,403,0.9995172288319107,0.7945101223368917
chronological,404,0.9995480754459878,0.7946169729017296
chronological,405,0.9995358682449924,0.7945984767942509
chronological,406,0.9995596592109479,0.7945532882883457
chronological,407,0.9995729403131007,0.7945981093312876
chronological,408,0.9995845522599979,0.7946748470158431
chronological,409,0.9995974721294669,0.7946667524115669
chronological,410,0.9995974721294669,0.7946600993391526
chronological,411,0.9996096079343838,0.7948561026443496
chronological,412,0.9996219364173387,0.7946648225731736
chronological,413,0.9996280856238643,0.7948073962477801
chronological,414,0.9996280856238643,0.7946526341717777
chronological,415,0.9996404392323642,0.794622743378674
chronological,416,0.9996469070183128,0.7944560835177326
chronological,417,0.9996590831445167,0.7944755069253004
chronological,418,0.9996655342823492,0.7944666737508121
chronological,419,0.9996590831445167,0.7943885675398974
chronological,420,0.9996719688575503,0.7943741120247974
chronological,421,0.9996840617289641,0.7945265901206798
chronological,422,0.9997030408823315,0.7944426781008949
chronological,423,0.9997148512231188,0.7943681919160286
chronological,424,0.999739433813419,0.7943117933434345
chronological,425,0.9997334490805634,0.7941791198412238
chronological,426,0.9997513605115798,0.7941877369575611
chronological,427,0.9997453029975601,0.7941647626967476
chronological,428,0.9997453463335149,0.7944665685137744
chronological,429,0.9997755425162178,0.7942525431118205
chronological,430,0.9997875716131087,0.7944743112944462
chronological,431,0.9997999982765732,0.794360247487799
chronological,432,0.9998061781907784,0.7944255780323092
chronological,433,0.9998186553339419,0.7943264498587891
chronological,434,0.9998249922105777,0.7943449018257556
chronological,435,0.9998313131055742,0.7944824785499627
chronological,436,0.999837416934975,0.7946484447334541
chronological,437,0.9998437219287395,0.7945998499555526
chronological,438,0.9998437219287395,0.7945861857603038
chronological,439,0.9998376180993387,0.7946806867714679
chronological,440,0.9998563344849929,0.7947080250583314
chronological,441,0.9998685576480068,0.79492213129379
chronological,442,0.9998746768329692,0.7945206055489015
chronological,443,0.9998746768329692,0.7947193211718642
chronological,444,0.9998746768329692,0.7949319064185185
chronological,445,0.9998746768329692,0.7947801830684944
chronological,446,0.9998810622266504,0.7947657787696597
chronological,447,0.9998810622266504,0.7947409799887735
chronological,448,0.9998810622266504,0.7945200568167641
chronological,449,0.9998810622266504,0.7943664103457385
chronological,450,0.9998937844147001,0.7945035446723612
chronological,451,0.9998937844147001,0.7946452512229768
chronological,452,0.9998937844147001,0.7943947214461671
chronological,453,0.9998937844147001,0.7946037639834815
chronological,454,0.9999062067380341,0.794553399681185
chronological,455,0.9999062067380341,0.7945760101446336
chronological,456,0.9998999491299595,0.7945984013132685
chronological,457,0.9998999491299595,0.7945221075063885
chronological,458,0.9999125436963132,0.7945543200390143
chronological,459,0.9999124815886247,0.7946985917619425
chronological,460,0.9999187391966993,0.7947134071638964
chronological,461,0.9999187391966993,0.7947009071075193
chronological,462,0.9999187391966993,0.7945419572935858
chronological,463,0.9999250283690346,0.7944401170369148
chronological,464,0.9999250283690346,0.7944846489251434
chronological,465,0.9999250283690346,0.7946494578423049
chronological,466,0.999931177959916,0.7948634316069899
chronological,467,0.9999250283690346,0.7945379336366003
chronological,468,0.999931177959916,0.7947879598981037
chronological,469,0.999931177959916,0.7951725852377319
chronological,470,0.999931177959916,0.7951602650977205
chronological,471,0.9999436002075772,0.795182702300705
chronological,472,0.9999436002075772,0.7951867609332336
chronological,473,0.9999498736376865,0.7951247551995744
chronological,474,0.9999498736376865,0.7950860083668979
chronological,475,0.9999498736376865,0.7949823647044366
chronological,476,0.9999498736376865,0.7945520186934085
chronological,477,0.9999498736376865,0.7943217172133512
chronological,478,0.9999498736376865,0.7943335966688723
chronological,479,0.9999498736376865,0.7943844540729574
chronological,480,0.9999498736376865,0.7940024889536531
chronological,481,0.9999561001543771,0.7941461477615454
chronological,482,0.9999623579208703,0.7941538540856613
chronological,483,0.9999623579208703,0.7941746934661245
chronological,484,0.9999623579208703,0.794184363909956
chronological,485,0.9999623579208703,0.7941795974972178
chronological,486,0.9999623579208703,0.7941348418937308
chronological,487,0.9999623579208703,0.7942946351180742
chronological,488,0.9999623579208703,0.7941149035140443
chronological,489,0.9999623579208703,0.7941808674324555
chronological,490,0.9999623579208703,0.7942923604888535
chronological,491,0.9999623579208703,0.7943489592643432
chronological,492,0.9999685690074372,0.7942775566552768
chronological,493,0.9999623579208703,0.7941590046405574
chronological,494,0.9999685690074372,0.7938815620602802
chronological,495,0.9999685690074372,0.7937706375693794
chronological,496,0.9999685690074372,0.7935976175237303
chronological,497,0.9999685690074372,0.7935989704409109
chronological,498,0.9999748899834591,0.7935665321687181
chronological,499,0.9999748899834591,0.7936275906010104
chronological,500,0.9999748899834591,0.7936725361716265
chronological,501,0.9999811321643589,0.7935917681988961
chronological,502,0.9999811321643589,0.7936118582633743
chronological,503,0.9999811321643589,0.7933217195324709
chronological,504,0.9999811321643589,0.7934719484641265
chronological,505,0.9999811321643589,0.7935710902235332
chronological,506,0.9999811321643589,0.7933925331896298
chronological,507,0.9999811321643589,0.7933532483146322
chronological,508,0.9999811321643589,0.7934233983507825
chronological,509,0.9999811321643589,0.7935281820923947
chronological,510,0.9999811321643589,0.7935700265458094
chronological,511,0.9999811321643589,0.7935495323967416
chronological,512,0.9999811321643589,0.7935546729712872
chronological,513,0.9999811321643589,0.7934033490205871
chronological,514,0.9999811321643589,0.7934448607462009
chronological,515,0.9999811321643589,0.7936041317471744
chronological,516,0.9999811321643589,0.7936836568593882
chronological,517,0.9999811321643589,0.7936653980257451
chronological,518,0.9999811321643589,0.7937101655509434
chronological,519,0.9999811321643589,0.7937299941964376
chronological,520,0.9999811321643589,0.7938071525397226
chronological,521,0.9999811321643589,0.7939828466348071
chronological,522,0.9999874372385374,0.793883382761984
chronological,523,0.9999874372385374,0.7938777232309296
chronological,524,0.9999874372385374,0.7937841390399243
chronological,525,0.9999874372385374,0.7938630868898883
chronological,526,0.9999874372385374,0.7939475548816685
chronological,527,0.9999874372385374,0.7939838136849718
chronological,528,0.9999874372385374,0.7939670613562367
chronological,529,0.9999874372385374,0.793928806730529
chronological,530,0.9999874372385374,0.7939373085452925
chronological,531,0.9999937264906814,0.7940293858347346
chronological,532,0.9999937264906814,0.7939054321489857
chronological,533,0.9999937264906814,0.7938392132696938
chronological,534,0.9999937264906814,0.7938179778404245
chronological,535,0.9999937264906814,0.7940559607123043
chronological,536,0.9999937264906814,0.7941110253697369
chronological,537,0.9999937264906814,0.7941309848059762
chronological,538,0.9999937264906814,0.7942012424589749
chronological,539,0.9999937264906814,0.7940741259311704
chronological,540,0.9999937264906814,0.793889913851208
chronological,541,0.9999937264906814,0.7938964418416495
chronological,542,0.9999937264906814,0.7941126827550867
chronological,543,0.9999937264906814,0.7941917388698814
chronological,544,1.0,0.7943161079356783
chronological,545,1.0,0.7944616237368968
chronological,546,1.0,0.7944528434102208
chronological,547,1.0,0.7945042173507908
chronological,548,1.0,0.7944972288278178
chronological,549,1.0,0.7944761275441173
chronological,550,1.0,0.794433518481687
chronological,551,1.0,0.7943659425822873
chronological,552,1.0,0.7942342600446791
chronological,553,1.0,0.7942719572820622
chronological,554,1.0,0.7941991790766557
chronological,555,1.0,0.7940678713359816
chronological,556,1.0,0.7942840485069682
chronological,557,1.0,0.7941928970784804
chronological,558,1.0,0.7942462739194351
chronological,559,1.0,0.7941698147443041
chronological,560,1.0,0.7940967017290395
chronological,561,1.0,0.7940003936146126
chronological,562,1.0,0.7941653273430394
chronological,563,1.0,0.7941113734843381
chronological,564,1.0,0.7943405875754943
chronological,565,1.0,0.794303657098927
chronological,566,1.0,0.7940732931883089
chronological,567,1.0,0.7942105623633912
chronological,568,1.0,0.79438084758261
chronological,569,1.0,0.7944132244065408
chronological,570,1.0,0.7943337436212141
chronological,571,1.0,0.7944649930443544
chronological,572,1.0,0.7945195667805343
chronological,573,1.0,0.7944262627655017
chronological,574,1.0,0.7943942620323751
chronological,575,1.0,0.7943588966465727
chronological,576,1.0,0.7944307564475023
chronological,577,1.0,0.7944267229283308
chronological,578,1.0,0.7943376901729291
chronological,579,1.0,0.7943248430234742
chronological,580,1.0,0.7943852445493929
chronological,581,1.0,0.7947844048308281
chronological,582,1.0,0.7947764228604445
chronological,583,1.0,0.7945742478796548
chronological,584,1.0,0.7945143173485275
chronological,585,1.0,0.7945522934389768
chronological,586,1.0,0.7945544775851995
chronological,587,1.0,0.7945037466928583
chronological,588,1.0,0.7945465142808203
chronological,589,1.0,0.7945548625341708
chronological,590,1.0,0.7945823898762671
chronological,591,1.0,0.7945827005248741
chronological,592,1.0,0.7946379034829586
chronological,593,1.0,0.7943201027098742
chronological,594,1.0,0.7944447007582418
chronological,595,1.0,0.7943813773233326
chronological,596,1.0,0.7944040533848878
chronological,597,1.0,0.7943393246040685
chronological,598,1.0,0.7944146819654321
chronological,599,1.0,0.7944452083882738
chronological,600,1.0,0.7944763130862392
chronological,601,1.0,0.7945220038029007
chronological,602,1.0,0.7944467520800875
chronological,603,1.0,0.7943892338774299
chronological,604,1.0,0.7942118526070379
chronological,605,1.0,0.7942501766671889
chronological,606,1.0,0.7940427129497798
chronological,607,1.0,0.7942629919409335
chronological,608,1.0,0.7943985044090045
chronological,609,1.0,0.7943418745804917
chronological,610,1.0,0.7942825547462214
chronological,611,1.0,0.7943037159783494
chronological,612,1.0,0.7943007676370728
chronological,613,1.0,0.7943972274047291
chronological,614,1.0,0.7943855790821854
chronological,615,1.0,0.7943655765035025
chronological,616,1.0,0.7942022361102642
chronological,617,1.0,0.7941426129859676
chronological,618,1.0,0.7940332393107316
chronological,619,1.0,0.7940587143549483
chronological,620,1.0,0.7940476911447847
chronological,621,1.0,0.7940953254183253
chronological,622,1.0,0.7940906715642098
chronological,623,1.0,0.7940567228805712
chronological,624,1.0,0.7938208501954208
chronological,625,1.0,0.7937972349717831
chronological,626,1.0,0.7939987950586592
chronological,627,1.0,0.7940671218889195
chronological,628,1.0,0.7941215842469583
chronological,629,1.0,0.7940159279974208
chronological,630,1.0,0.7939511548507042
chronological,631,1.0,0.7940950446464922
chronological,632,1.0,0.7937821024038323
chronological,633,1.0,0.7940190672198285
chronological,634,1.0,0.794005521404737
chronological,635,1.0,0.7940957148919757
chronological,636,1.0,0.7941257506137143
chronological,637,1.0,0.7940309181337899
chronological,638,1.0,0.7940681460468275
chronological,639,1.0,0.7939309091248024
chronological,640,1.0,0.7939429750668435
chronological,641,1.0,0.7942035141311472
chronological,642,1.0,0.7941836640495511
chronological,643,1.0,0.7943401495099627
chronological,644,1.0,0.7944948738142052
chronological,645,1.0,0.7944220957271346
chronological,646,1.0,0.7943559904122167
chronological,647,1.0,0.7945932230644003
chronological,648,1.0,0.7946198639551195
chronological,649,1.0,0.7944490691045643
chronological,650,1.0,0.7946989076527216
chronological,651,1.0,0.7945856582494851
chronological,652,1.0,0.7945746793912112
chronological,653,1.0,0.7948080436433816
chronological,654,1.0,0.7948020725726707
chronological,655,1.0,0.7947876197060129
chronological,656,1.0,0.7947767251763034
chronological,657,1.0,0.7946181035077572
chronological,658,1.0,0.7945737614008977
chronological,659,1.0,0.7944205510228254
chronological,660,1.0,0.7944515589653007
chronological,661,1.0,0.7946030465337913
chronological,662,1.0,0.7939598874577144
chronological,663,1.0,0.7940976520078744
chronological,664,1.0,0.7942669504489446
chronological,665,1.0,0.7942771118069369
chronological,666,1.0,0.7940404563910962
chronological,667,1.0,0.7944120810078946
chronological,668,1.0,0.7940471788103628
chronological,669,1.0,0.7942513818941509
chronological,670,1.0,0.7942369796690342
chronological,671,1.0,0.7940023915499405
chronological,672,1.0,0.7942442978274499
chronological,673,1.0,0.7940726432451204
chronological,674,1.0,0.7940858170804757
chronological,675,1.0,0.7942015874329335
chronological,676,1.0,0.7941836262800103
chronological,677,1.0,0.7941520435495903
chronological,678,1.0,0.7944759047671021
chronological,679,1.0,0.7942792467606828
chronological,680,1.0,0.794475305981285
chronological,681,1.0,0.7944854001057269
chronological,682,1.0,0.7945310114752319
chronological,683,1.0,0.794313682223435
chronological,684,1.0,0.7942640659005483
chronological,685,1.0,0.7941016610136821
chronological,686,1.0,0.7943165413725202
chronological,687,1.0,0.7942774490741339
chronological,688,1.0,0.7942321233516475
chronological,689,1.0,0.79439055903465
chronological,690,1.0,0.7940523619279459
chronological,691,1.0,0.7940644504830294
chronological,692,1.0,0.7944140433192194
chronological,693,1.0,0.794433028413305
chronological,694,1.0,0.7948135252019828
chronological,695,1.0,0.7947983978739374
chronological,696,1.0,0.7948409932930073
chronological,697,1.0,0.7948375960839984
chronological,698,1.0,0.7947625689208677
chronological,699,1.0,0.7944336415900893
chronological,700,1.0,0.7946020854376796
chronological,701,1.0,0.7945338218092146
chronological,702,1.0,0.7946241941325835
chronological,703,1.0,0.7946200973721056
chronological,704,1.0,0.7945872077712415
chronological,705,1.0,0.7944952791644656
chronological,706,1.0,0.7945500416386598
chronological,707,1.0,0.794568074115583
chronological,708,1.0,0.7945797356466636
chronological,709,1.0,0.7945546334848156
chronological,710,1.0,0.7946568499069647
chronological,711,1.0,0.7946532143202498
chronological,712,1.0,0.7945830333594976
chronological,713,1.0,0.7946472149575555
chronological,714,1.0,0.7944196541767361
chronological,715,1.0,0.794402125396203
chronological,716,1.0,0.7947493888640822
chronological,717,1.0,0.7948203183287414
chronological,718,1.0,0.7945122371407441
chronological,719,1.0,0.7945386273095598
chronological,720,1.0,0.7945434058482778
chronological,721,1.0,0.79463407907124
chronological,722,1.0,0.7946037798693433
chronological,723,1.0,0.7945869825882584
chronological,724,1.0,0.7945659206647895
chronological,725,1.0,0.7945149806670858
chronological,726,1.0,0.7945910241467012
chronological,727,1.0,0.7946016445542804
chronological,728,1.0,0.7946666395069696
chronological,729,1.0,0.7947330351264191
chronological,730,1.0,0.7946715181314942
chronological,731,1.0,0.7946663806388546
chronological,732,1.0,0.7947402556353422
chronological,733,1.0,0.7948040872978893
chronological,734,1.0,0.7951191531512459
chronological,735,1.0,0.7951081625398685
chronological,736,1.0,0.7949495282782544
chronological,737,1.0,0.7950082990453674
chronological,738,1.0,0.7947037417856728
chronological,739,1.0,0.7947324845468658
chronological,740,1.0,0.7949807453657755
chronological,741,1.0,0.7946959600201795
chronological,742,1.0,0.7949627279546607
chronological,743,1.0,0.7949737526196071
chronological,744,1.0,0.7949630258144145
chronological,745,1.0,0.7949186482178227
chronological,746,1.0,0.7949192673509715
chronological,747,1.0,0.794925420559612
chronological,748,1.0,0.7949561226489346
chronological,749,1.0,0.7949380696791659
chronological,750,1.0,0.7949347930932668
chronological,751,1.0,0.7947809169021797
chronological,752,1.0,0.7947476079853942
chronological,753,1.0,0.79474158676477
chronological,754,1.0,0.7947046445529267
chronological,755,1.0,0.7946454574197871
chronological,756,1.0,0.7946185793724521
chronological,757,1.0,0.7946574726516697
chronological,758,1.0,0.7945863378975724
chronological,759,1.0,0.7945741179444985
chronological,760,1.0,0.7946596880796444
chronological,761,1.0,0.7948625802003353
chronological,762,1.0,0.7948271948184231
chronological,763,1.0,0.7948135667392887
chronological,764,1.0,0.7948118766090487
chronological,765,1.0,0.794798813034168
chronological,766,1.0,0.7947203593506438
chronological,767,1.0,0.7946524980897531
chronological,768,1.0,0.7946037797630199
chronological,769,1.0,0.7942781297676882
chronological,770,1.0,0.7942851730966544
chronological,771,1.0,0.7942910119750611
chronological,772,1.0,0.7943051588729927
chronological,773,1.0,0.794289702289435
chronological,774,1.0,0.7943844595538577
chronological,775,1.0,0.7943405574027521
chronological,776,1.0,0.7945235009274381
chronological,777,1.0,0.7945888880935821
chronological,778,1.0,0.794568285385633
chronological,779,1.0,0.794360757233196
chronological,780,1.0,0.7943464063461635
chronological,781,1.0,0.794414885766954
chronological,782,1.0,0.7944668806587594
chronological,783,1.0,0.7944624208917032
chronological,784,1.0,0.7944306926273099
chronological,785,1.0,0.794443086667171
chronological,786,1.0,0.794493885249359
chronological,787,1.0,0.7944186267086816
chronological,788,1.0,0.7944265068348281
chronological,789,1.0,0.7945905654551897
chronological,790,1.0,0.7944093773888811
chronological,791,1.0,0.7944288043784601
chronological,792,1.0,0.7944318282769812
chronological,793,1.0,0.7946099568643018
chronological,794,1.0,0.7946273192266686
chronological,795,1.0,0.7945977455076331
chronological,796,1.0,0.7946074065138827
chronological,797,1.0,0.7944366554497415
chronological,798,1.0,0.7944578385421156
chronological,799,1.0,0.7944451818537663
chronological,800,1.0,0.7944654776745396
chronological,801,1.0,0.7946141291625828
chronological,802,1.0,0.7945982487394602
chronological,803,1.0,0.794574154380712
chronological,804,1.0,0.7945485359922324
chronological,805,1.0,0.7945788696460989
chronological,806,1.0,0.7944522017206526
chronological,807,1.0,0.7946024375476465
chronological,808,1.0,0.7945748849191915
chronological,809,1.0,0.7945652367245858
chronological,810,1.0,0.7947274334338117
chronological,811,1.0,0.7947092363792936
chronological,812,1.0,0.7947452157398748
chronological,813,1.0,0.7948810153152153
chronological,814,1.0,0.7947100510105679
chronological,815,1.0,0.7946983389736849
chronological,816,1.0,0.7948602389495565
chronological,817,1.0,0.794664772472161
chronological,818,1.0,0.7948633522368178
chronological,819,1.0,0.794677305935439
chronological,820,1.0,0.794654992386824
chronological,821,1.0,0.7946574263899655
chronological,822,1.0,0.7946484062051121
chronological,823,1.0,0.7946911070359826
chronological,824,1.0,0.7946051416519441
chronological,825,1.0,0.7946008246388863
chronological,826,1.0,0.794664276158601
chronological,827,1.0,0.7945598845491004
chronological,828,1.0,0.794522125486978
chronological,829,1.0,0.7945541020064166
chronological,830,1.0,0.7942696200434033
chronological,831,1.0,0.7944316814385314
chronological,832,1.0,0.7942406248543976
chronological,833,1.0,0.7943069944346218
chronological,834,1.0,0.7943076855238735
chronological,835,1.0,0.7944643117103636
chronological,836,1.0,0.7942333504240677
chronological,837,1.0,0.7942253267475514
chronological,838,1.0,0.7942321715650504
chronological,839,1.0,0.7941513976537259
chronological,840,1.0,0.7942394491341006
chronological,841,1.0,0.794215305079923
chronological,842,1.0,0.7941773913414076
chronological,843,1.0,0.7941642250113966
chronological,844,1.0,0.7941678112292598
chronological,845,1.0,0.7943659969288129
chronological,846,1.0,0.7940596438315891
chronological,847,1.0,0.7943724811543125
chronological,848,1.0,0.7943998529805782
chronological,849,1.0,0.7943734930501658
chronological,850,1.0,0.7943945926484182
chronological,851,1.0,0.7943759375188719
chronological,852,1.0,0.794406508263489
chronological,853,1.0,0.7943862358813426
chronological,854,1.0,0.7943178400377713
chronological,855,1.0,0.7943849055665424
chronological,856,1.0,0.7944429395548879
chronological,857,1.0,0.794459644334548
chronological,858,1.0,0.7944550751884795
chronological,859,1.0,0.794390053530613
chronological,860,1.0,0.7945157573653608
chronological,861,1.0,0.7943273842615727
chronological,862,1.0,0.7943404127669249
chronological,863,1.0,0.7943072977037596
chronological,864,1.0,0.7943569765862696
chronological,865,1.0,0.7943498664277172
chronological,866,1.0,0.7941496495441662
chronological,867,1.0,0.7944253288216144
chronological,868,1.0,0.7942624526604928
chronological,869,1.0,0.794342486802103
chronological,870,1.0,0.7943100202095154
chronological,871,1.0,0.7943016095469451
chronological,872,1.0,0.7943175290117809
chronological,873,1.0,0.7943114569269875
chronological,874,1.0,0.7942709266668007
chronological,875,1.0,0.794302066465946
chronological,876,1.0,0.7942921589091235
chronological,877,1.0,0.7945525373007227
chronological,878,1.0,0.7945432832467538
chronological,879,1.0,0.7945136233925371
chronological,880,1.0,0.7942719861266192
chronological,881,1.0,0.794310614517889
chronological,882,1.0,0.7943099796779511
chronological,883,1.0,0.7943223773654953
chronological,884,1.0,0.7943128250618374
chronological,885,1.0,0.7942947553156764
chronological,886,1.0,0.7942947793975064
chronological,887,1.0,0.7945661018612239
chronological,888,1.0,0.7945232992772528
chronological,889,1.0,0.794526303494017
chronological,890,1.0,0.794393532043036
chronological,891,1.0,0.7944820153383931
chronological,892,1.0,0.7944058225890105
chronological,893,1.0,0.7942562977679369
chronological,894,1.0,0.7942477521392466
chronological,895,1.0,0.7941939886280837
chronological,896,1.0,0.7942074661115982
chronological,897,1.0,0.7941812744417889
chronological,898,1.0,0.7941641675839717
chronological,899,1.0,0.7942288856938273
chronological,900,1.0,0.794221354077078
chronological,901,1.0,0.7942006228607775
chronological,902,1.0,0.7943244817913834
chronological,903,1.0,0.7940916738842289
chronological,904,1.0,0.7944774109498433
chronological,905,1.0,0.7944440422532083
chronological,906,1.0,0.7944599174200226
chronological,907,1.0,0.7944957523364267
chronological,908,1.0,0.794238062712246
chronological,909,1.0,0.7944621166081821
chronological,910,1.0,0.7942630494158301
chronological,911,1.0,0.7944863878271173
chronological,912,1.0,0.794478915401579
chronological,913,1.0,0.7945516768534326
chronological,914,1.0,0.7944502324413978
chronological,915,1.0,0.794464632202533
chronological,916,1.0,0.7944811773409887
chronological,917,1.0,0.7945952689851933
chronological,918,1.0,0.7945843793816267
chronological,919,1.0,0.7946148963831395
chronological,920,1.0,0.7946166504948445
chronological,921,1.0,0.7944840289213263
chronological,922,1.0,0.7944679881202406
chronological,923,1.0,0.7945159118239906
chronological,924,1.0,0.7945161192709559
chronological,925,1.0,0.7945053408387914
chronological,926,1.0,0.7945575847767238
chronological,927,1.0,0.7943491289533482
chronological,928,1.0,0.794295285151396
chronological,929,1.0,0.7945120261173199
chronological,930,1.0,0.794535192699501
chronological,931,1.0,0.7943252364268419
chronological,932,1.0,0.794539969543203
chronological,933,1.0,0.7945337207967682
chronological,934,1.0,0.7943199797168029
chronological,935,1.0,0.7942944373735323
chronological,936,1.0,0.7942863770833604
chronological,937,1.0,0.7944973566218165
chronological,938,1.0,0.7942324491239146
chronological,939,1.0,0.7944446497378266
chronological,940,1.0,0.794215908606663
chronological,941,1.0,0.7941914411696277
chronological,942,1.0,0.7944145430244443
chronological,943,1.0,0.7939962305081727
chronological,944,1.0,0.7940260557930632
chronological,945,1.0,0.7944608114444496
chronological,946,1.0,0.7944378925978146
chronological,947,1.0,0.7944477055549986
chronological,948,1.0,0.7943860076353665
chronological,949,1.0,0.7941218969750216
chronological,950,1.0,0.7940725678791263
chronological,951,1.0,0.7940034956961006
chronological,952,1.0,0.793962408368423
chronological,953,1.0,0.7939526118416771
chronological,954,1.0,0.7939419351669553
chronological,955,1.0,0.7937280770604493
chronological,956,1.0,0.7937404077703042
chronological,957,1.0,0.7937175772198498
chronological,958,1.0,0.7937211212824093
chronological,959,1.0,0.7936506010778921
chronological,960,1.0,0.7936358696852515
chronological,961,1.0,0.7935822284431162
chronological,962,1.0,0.7935822284431162
chronological,963,1.0,0.7938184080214239
chronological,964,1.0,0.7937766876260198
chronological,965,1.0,0.7937685510376699
chronological,966,1.0,0.7937788562563696
chronological,967,1.0,0.7938067298370229
chronological,968,1.0,0.793863854615867
chronological,969,1.0,0.7938369905092555
chronological,970,1.0,0.7938008133135368
chronological,971,1.0,0.7938179062011796
chronological,972,1.0,0.7937842148649381
chronological,973,1.0,0.7937953271732665
chronological,974,1.0,0.7937135185761888
chronological,975,1.0,0.7937216021831373
chronological,976,1.0,0.7937478787335915
chronological,977,1.0,0.7938551487716317
chronological,978,1.0,0.7939356996977319
chronological,979,1.0,0.7939597479626955
chronological,980,1.0,0.793886150835944
chronological,981,1.0,0.7938850200125348
chronological,982,1.0,0.7939253291873936
chronological,983,1.0,0.7940434465342566
chronological,984,1.0,0.7940606990079673
chronological,985,1.0,0.794109478545633
chronological,986,1.0,0.7940693185881643
chronological,987,1.0,0.7941032735559509
chronological,988,1.0,0.7940838726252586
chronological,989,1.0,0.7941045701209625
chronological,990,1.0,0.7941511439024325
chronological,991,1.0,0.794161206047952
chronological,992,1.0,0.7941656037356102
chronological,993,1.0,0.7941496268585678
chronological,994,1.0,0.7940992344859913
chronological,995,1.0,0.7941075980528864
chronological,996,1.0,0.7939785350593264
chronological,997,1.0,0.7941051119740642
chronological,998,1.0,0.7939602254993061
chronological,999,1.0,0.7940816172898026
chronological,1000,1.0,0.7939475564075436
chronological,1001,1.0,0.7939225991724083
chronological,1002,1.0,0.7939656167154893
chronological,1003,1.0,0.793952091977079
chronological,1004,1.0,0.7939492581507602
chronological,1005,1.0,0.7939429422439238
chronological,1006,1.0,0.793939805163666
chronological,1007,1.0,0.7939531863543087
chronological,1008,1.0,0.7939829261130231
chronological,1009,1.0,0.7940227917350177
chronological,1010,1.0,0.7939812917421164
chronological,1011,1.0,0.7939791984432587
chronological,1012,1.0,0.7942750530886354
chronological,1013,1.0,0.7944779415383633
chronological,1014,1.0,0.7941365250087579
chronological,1015,1.0,0.79405712813411
chronological,1016,1.0,0.7942321900619412
chronological,1017,1.0,0.7942941550693725
chronological,1018,1.0,0.7943611865451734
chronological,1019,1.0,0.7941701292405684
chronological,1020,1.0,0.7943863356972709
chronological,1021,1.0,0.794524968608975
chronological,1022,1.0,0.7944417578821102
chronological,1023,1.0,0.7944579950061547
chronological,1024,1.0,0.7947111628152195
chronological,1025,1.0,0.7947226423256706
chronological,1026,1.0,0.7947045402221258
chronological,1027,1.0,0.7946828545296173
chronological,1028,1.0,0.7947335896106199
chronological,1029,1.0,0.794701106147061
chronological,1030,1.0,0.7945988303454264
chronological,1031,1.0,0.7947711201690449
chronological,1032,1.0,0.7948096855810436
chronological,1033,1.0,0.7947294191729898
chronological,1034,1.0,0.7947693141035521
chronological,1035,1.0,0.7947693141035521
chronological,1036,1.0,0.7949466568349884
chronological,1037,1.0,0.7950045809256192
chronological,1038,1.0,0.7948422687769103
chronological,1039,1.0,0.7948496936479851
chronological,1040,1.0,0.7948012286725145
chronological,1041,1.0,0.7947870045713034
chronological,1042,1.0,0.7948509864512652
chronological,1043,1.0,0.7947387373078926
chronological,1044,1.0,0.794735836066153
chronological,1045,1.0,0.7947555894908003
chronological,1046,1.0,0.7948472516844186
chronological,1047,1.0,0.7946546084194179
chronological,1048,1.0,0.7946725353197366
chronological,1049,1.0,0.7946708922540489
chronological,1050,1.0,0.7946789953874138
chronological,1051,1.0,0.7946860973845361
chronological,1052,1.0,0.7946638190890585
chronological,1053,1.0,0.7946709299558299
chronological,1054,1.0,0.7946691350618119
chronological,1055,1.0,0.7946680472861982
chronological,1056,1.0,0.7947013876676918
chronological,1057,1.0,0.7947074425604885
chronological,1058,1.0,0.7948653155014614
chronological,1059,1.0,0.7948533961508538
chronological,1060,1.0,0.7948133538680278
chronological,1061,1.0,0.7948238974182917
chronological,1062,1.0,0.7949183918567896
chronological,1063,1.0,0.7946468963464708
chronological,1064,1.0,0.7947792609739247
chronological,1065,1.0,0.7944025807093315
chronological,1066,1.0,0.794558332540792
chronological,1067,1.0,0.794438417858205
chronological,1068,1.0,0.794382758616868
chronological,1069,1.0,0.7945149057353461
chronological,1070,1.0,0.794855161981049
chronological,1071,1.0,0.7944859025196896
chronological,1072,1.0,0.7947572725386371
chronological,1073,1.0,0.7947780606951867
chronological,1074,1.0,0.7947794911954573
chronological,1075,1.0,0.7949267457996304
chronological,1076,1.0,0.7948904138417228
chronological,1077,1.0,0.7949154521222144
chronological,1078,1.0,0.7948739864660116
chronological,1079,1.0,0.7947958316852145
chronological,1080,1.0,0.7949605964989531
chronological,1081,1.0,0.7948303817721045
chronological,1082,1.0,0.7947717368330804
chronological,1083,1.0,0.7947412926561587
chronological,1084,1.0,0.7948133431322331
chronological,1085,1.0,0.7947228832422732
chronological,1086,1.0,0.7947277355748559
chronological,1087,1.0,0.7947301995362298
chronological,1088,1.0,0.7947184083833625
chronological,1089,1.0,0.7947252720737288
chronological,1090,1.0,0.7947444364963383
chronological,1091,1.0,0.7948029270266909
chronological,1092,1.0,0.7947978237896223
chronological,1093,1.0,0.7948096583196524
chronological,1094,1.0,0.7948080961131335
chronological,1095,1.0,0.7948040162013257
chronological,1096,1.0,0.7948144418635873
chronological,1097,1.0,0.7948284799151893
chronological,1098,1.0,0.7948269499929174
chronological,1099,1.0,0.7948193091019059
chronological,1100,1.0,0.7945267909055816
chronological,1101,1.0,0.7945250030920176
chronological,1102,1.0,0.7945131189366657
chronological,1103,1.0,0.7948279745897221
chronological,1104,1.0,0.7948028981412091
chronological,1105,1.0,0.7948102010382301
chronological,1106,1.0,0.7948108630873258
chronological,1107,1.0,0.7947972021753867
chronological,1108,1.0,0.7947836475386891
chronological,1109,1.0,0.7946843199104502
chronological,1110,1.0,0.7946922286173279
chronological,1111,1.0,0.794696759234977
chronological,1112,1.0,0.7946592156899939
chronological,1113,1.0,0.7946633230386302
chronological,1114,1.0,0.794645551639691
chronological,1115,1.0,0.7948769208661557
chronological,1116,1.0,0.794876473167397
chronological,1117,1.0,0.7948639257473116
chronological,1118,1.0,0.7949020967538128
chronological,1119,1.0,0.7948519071272969
chronological,1120,1.0,0.7948366510564633
chronological,1121,1.0,0.7948222251558658
chronological,1122,1.0,0.7948217456360944
chronological,1123,1.0,0.7949034073931251
chronological,1124,1.0,0.7945903323720714
chronological,1125,1.0,0.794799200293087
chronological,1126,1.0,0.794543709693013
chronological,1127,1.0,0.7945555916065138
chronological,1128,1.0,0.7945429035857549
chronological,1129,1.0,0.794448357091889
chronological,1130,1.0,0.7946407578296658
chronological,1131,1.0,0.7946395222596175
chronological,1132,1.0,0.7946111012085194
chronological,1133,1.0,0.7946581936311695
chronological,1134,1.0,0.7945907364288513
chronological,1135,1.0,0.7945746673132624
chronological,1136,1.0,0.7945885567867154
chronological,1137,1.0,0.7947975925030621
chronological,1138,1.0,0.7947784134114182
chronological,1139,1.0,0.7947834467990761
chronological,1140,1.0,0.7947602290999172
chronological,1141,1.0,0.7945779317429594
chronological,1142,1.0,0.7946801575607119
chronological,1143,1.0,0.7945563153122062
chronological,1144,1.0,0.7945365731413072
chronological,1145,1.0,0.7945590397372364
chronological,1146,1.0,0.794542202748959
chronological,1147,1.0,0.7945244526611707
chronological,1148,1.0,0.7945475885203299
chronological,1149,1.0,0.7945655646558972
chronological,1150,1.0,0.7945582719932849
chronological,1151,1.0,0.7945599963516263
chronological,1152,1.0,0.7945885526111962
chronological,1153,1.0,0.7945792357933174
chronological,1154,1.0,0.7946543513897134
chronological,1155,1.0,0.7946083448728973
chronological,1156,1.0,0.7946182552091013
chronological,1157,1.0,0.7945674908826841
chronological,1158,1.0,0.7947622091809337
chronological,1159,1.0,0.7946009409396927
chronological,1160,1.0,0.7946267901749227
chronological,1161,1.0,0.7947515625692092
chronological,1162,1.0,0.7947844829925127
chronological,1163,1.0,0.794539915416676
chronological,1164,1.0,0.7945404910682533
chronological,1165,1.0,0.7947765507584681
chronological,1166,1.0,0.7947745699266725
chronological,1167,1.0,0.7947579245746033
chronological,1168,1.0,0.7947396386064084
chronological,1169,1.0,0.7947331312594035
chronological,1170,1.0,0.7947251963630971
chronological,1171,1.0,0.7947186705300326
chronological,1172,1.0,0.7946787079703417
chronological,1173,1.0,0.7947100626896693
chronological,1174,1.0,0.794657681445399
chronological,1175,1.0,0.7945115864483294
chronological,1176,1.0,0.7945122137277707
chronological,1177,1.0,0.7945354303222087
chronological,1178,1.0,0.7945153865373862
chronological,1179,1.0,0.7944948659788117
chronological,1180,1.0,0.7945051560389874
chronological,1181,1.0,0.7943993883477051
chronological,1182,1.0,0.7943931650548273
chronological,1183,1.0,0.7943615664468969
chronological,1184,1.0,0.7943932405092381
chronological,1185,1.0,0.7945699075042173
chronological,1186,1.0,0.794551014876593
chronological,1187,1.0,0.7945464381694
chronological,1188,1.0,0.7945229874911791
chronological,1189,1.0,0.7945533179931745
chronological,1190,1.0,0.7945985915300144
chronological,1191,1.0,0.7943729977537067
chronological,1192,1.0,0.7946297835259817
chronological,1193,1.0,0.7946317111603076
chronological,1194,1.0,0.7946089457681756
chronological,1195,1.0,0.7942961278176999
chronological,1196,1.0,0.7943282087829661
chronological,1197,1.0,0.7946198613232597
chronological,1198,1.0,0.7945940206655285
chronological,1199,1.0,0.7946012810960823
chronological,1200,1.0,0.7946107834097095
