review_cost,protocol,model,threshold,tp,fp,fn,review_cost_total,fn_loss_total,total_cost
2.0,stratified,xgboost,0.01,81,178,14,518.0,2599.31,3117.31
2.0,stratified,xgboost,0.02,77,90,18,334.0,3785.58,4119.58
2.0,stratified,xgboost,0.03,77,58,18,270.0,3785.58,4055.58
2.0,stratified,xgboost,0.04,77,39,18,232.0,3785.58,4017.58
2.0,stratified,xgboost,0.05,76,31,19,214.0,3789.34,4003.34
2.0,stratified,xgboost,0.06,76,20,19,192.0,3789.34,3981.34
2.0,stratified,xgboost,0.07,76,18,19,188.0,3789.34,3977.34
2.0,stratified,xgboost,0.08,76,17,19,186.0,3789.34,3975.34
2.0,stratified,xgboost,0.09,75,17,20,184.0,3789.34,3973.34
2.0,stratified,xgboost,0.1,75,16,20,182.0,3789.34,3971.34
2.0,stratified,xgboost,0.11,75,16,20,182.0,3789.34,3971.34
2.0,stratified,xgboost,0.12,74,16,21,180.0,3791.56,3971.56
2.0,stratified,xgboost,0.13,74,15,21,178.0,3791.56,3969.56
2.0,stratified,xgboost,0.14,73,15,22,176.0,3792.56,3968.56
2.0,stratified,xgboost,0.15,72,15,23,174.0,4032.49,4206.49
2.0,stratified,xgboost,0.16,72,15,23,174.0,4032.49,4206.49
2.0,stratified,xgboost,0.17,72,15,23,174.0,4032.49,4206.49
2.0,stratified,xgboost,0.18,72,14,23,172.0,4032.49,4204.49
2.0,stratified,xgboost,0.19,72,13,23,170.0,4032.49,4202.49
2.0,stratified,xgboost,0.2,72,12,23,168.0,4032.49,4200.49
2.0,stratified,xgboost,0.21,72,12,23,168.0,4032.49,4200.49
2.0,stratified,xgboost,0.22,72,12,23,168.0,4032.49,4200.49
2.0,stratified,xgboost,0.23,72,12,23,168.0,4032.49,4200.49
2.0,stratified,xgboost,0.24,72,10,23,164.0,4032.49,4196.49
2.0,stratified,xgboost,0.25,72,10,23,164.0,4032.49,4196.49
2.0,stratified,xgboost,0.26,72,10,23,164.0,4032.49,4196.49
2.0,stratified,xgboost,0.27,72,10,23,164.0,4032.49,4196.49
2.0,stratified,xgboost,0.28,72,10,23,164.0,4032.49,4196.49
2.0,stratified,xgboost,0.29,72,10,23,164.0,4032.49,4196.49
2.0,stratified,xgboost,0.3,71,9,24,160.0,4044.8,4204.8
2.0,stratified,xgboost,0.31,71,9,24,160.0,4044.8,4204.8
2.0,stratified,xgboost,0.32,71,9,24,160.0,4044.8,4204.8
2.0,stratified,xgboost,0.33,71,9,24,160.0,4044.8,4204.8
2.0,stratified,xgboost,0.34,71,8,24,158.0,4044.8,4202.8
2.0,stratified,xgboost,0.35,71,8,24,158.0,4044.8,4202.8
2.0,stratified,xgboost,0.36,71,8,24,158.0,4044.8,4202.8
2.0,stratified,xgboost,0.37,71,8,24,158.0,4044.8,4202.8
2.0,stratified,xgboost,0.38,71,8,24,158.0,4044.8,4202.8
2.0,stratified,xgboost,0.39,71,8,24,158.0,4044.8,4202.8
2.0,stratified,xgboost,0.4,71,4,24,150.0,4044.8,4194.8
2.0,stratified,xgboost,0.41,71,4,24,150.0,4044.8,4194.8
2.0,stratified,xgboost,0.42,71,4,24,150.0,4044.8,4194.8
2.0,stratified,xgboost,0.43,71,4,24,150.0,4044.8,4194.8
2.0,stratified,xgboost,0.44,71,4,24,150.0,4044.8,4194.8
2.0,stratified,xgboost,0.45,71,4,24,150.0,4044.8,4194.8
2.0,stratified,xgboost,0.46,71,4,24,150.0,4044.8,4194.8
2.0,stratified,xgboost,0.47,71,4,24,150.0,4044.8,4194.8
2.0,stratified,xgboost,0.48,70,4,25,148.0,4063.8399999999997,4211.84
2.0,stratified,xgboost,0.49,70,3,25,146.0,4063.8399999999997,4209.84
2.0,stratified,xgboost,0.5,70,3,25,146.0,4063.8399999999997,4209.84
2.0,stratified,xgboost,0.51,70,3,25,146.0,4063.8399999999997,4209.84
2.0,stratified,xgboost,0.52,70,3,25,146.0,4063.8399999999997,4209.84
2.0,stratified,xgboost,0.53,70,3,25,146.0,4063.8399999999997,4209.84
2.0,stratified,xgboost,0.54,70,3,25,146.0,4063.8399999999997,4209.84
2.0,stratified,xgboost,0.55,70,3,25,146.0,4063.8399999999997,4209.84
2.0,stratified,xgboost,0.56,70,3,25,146.0,4063.8399999999997,4209.84
2.0,stratified,xgboost,0.57,70,2,25,144.0,4063.8399999999997,4207.84
2.0,stratified,xgboost,0.58,70,2,25,144.0,4063.8399999999997,4207.84
2.0,stratified,xgboost,0.59,70,2,25,144.0,4063.8399999999997,4207.84
2.0,stratified,xgboost,0.6,70,2,25,144.0,4063.8399999999997,4207.84
2.0,stratified,xgboost,0.61,70,2,25,144.0,4063.8399999999997,4207.84
2.0,stratified,xgboost,0.62,70,2,25,144.0,4063.8399999999997,4207.84
2.0,stratified,xgboost,0.63,70,2,25,144.0,4063.8399999999997,4207.84
2.0,stratified,xgboost,0.64,69,2,26,142.0,4123.84,4265.84
2.0,stratified,xgboost,0.65,68,2,27,140.0,4124.52,4264.52
2.0,stratified,xgboost,0.66,68,2,27,140.0,4124.52,4264.52
2.0,stratified,xgboost,0.67,68,2,27,140.0,4124.52,4264.52
2.0,stratified,xgboost,0.68,68,2,27,140.0,4124.52,4264.52
2.0,stratified,xgboost,0.69,67,2,28,138.0,4125.5199999999995,4263.5199999999995
2.0,stratified,xgboost,0.7,66,2,29,136.0,4126.52,4262.52
2.0,stratified,xgboost,0.71,66,2,29,136.0,4126.52,4262.52
2.0,stratified,xgboost,0.72,66,2,29,136.0,4126.52,4262.52
2.0,stratified,xgboost,0.73,66,2,29,136.0,4126.52,4262.52
2.0,stratified,xgboost,0.74,66,2,29,136.0,4126.52,4262.52
2.0,stratified,xgboost,0.75,65,2,30,134.0,5936.2,6070.2
2.0,stratified,xgboost,0.76,65,2,30,134.0,5936.2,6070.2
2.0,stratified,xgboost,0.77,62,2,33,128.0,6236.17,6364.17
2.0,stratified,xgboost,0.78,62,2,33,128.0,6236.17,6364.17
2.0,stratified,xgboost,0.79,61,2,34,126.0,6237.17,6363.17
2.0,stratified,xgboost,0.8,61,2,34,126.0,6237.17,6363.17
2.0,stratified,xgboost,0.81,59,1,36,120.0,6331.030000000001,6451.030000000001
2.0,stratified,xgboost,0.82,59,1,36,120.0,6331.030000000001,6451.030000000001
2.0,stratified,xgboost,0.83,58,1,37,118.0,6431.0199999999995,6549.0199999999995
2.0,stratified,xgboost,0.84,58,1,37,118.0,6431.0199999999995,6549.0199999999995
2.0,stratified,xgboost,0.85,57,1,38,116.0,6531.01,6647.01
2.0,stratified,xgboost,0.86,57,1,38,116.0,6531.01,6647.01
2.0,stratified,xgboost,0.87,55,1,40,112.0,6792.23,6904.23
2.0,stratified,xgboost,0.88,55,1,40,112.0,6792.23,6904.23
2.0,stratified,xgboost,0.89,54,1,41,110.0,6869.17,6979.17
2.0,stratified,xgboost,0.9,52,1,43,106.0,7590.110000000001,7696.110000000001
2.0,stratified,xgboost,0.91,50,1,45,102.0,8423.02,8525.02
2.0,stratified,xgboost,0.92,49,1,46,100.0,8488.02,8588.02
2.0,stratified,xgboost,0.93,46,1,49,94.0,9261.829999999998,9355.829999999998
2.0,stratified,xgboost,0.94,43,1,52,88.0,9296.84,9384.84
2.0,stratified,xgboost,0.95,37,1,58,76.0,9311.79,9387.79
2.0,stratified,xgboost,0.96,28,0,67,56.0,10732.34,10788.34
2.0,stratified,xgboost,0.97,24,0,71,48.0,11884.019999999999,11932.019999999999
2.0,stratified,xgboost,0.98,16,0,79,32.0,12819.4,12851.4
2.0,stratified,xgboost,0.99,8,0,87,16.0,14225.08,14241.08
5.0,stratified,xgboost,0.01,81,178,14,1295.0,2599.31,3894.31
5.0,stratified,xgboost,0.02,77,90,18,835.0,3785.58,4620.58
5.0,stratified,xgboost,0.03,77,58,18,675.0,3785.58,4460.58
5.0,stratified,xgboost,0.04,77,39,18,580.0,3785.58,4365.58
5.0,stratified,xgboost,0.05,76,31,19,535.0,3789.34,4324.34
5.0,stratified,xgboost,0.06,76,20,19,480.0,3789.34,4269.34
5.0,stratified,xgboost,0.07,76,18,19,470.0,3789.34,4259.34
5.0,stratified,xgboost,0.08,76,17,19,465.0,3789.34,4254.34
5.0,stratified,xgboost,0.09,75,17,20,460.0,3789.34,4249.34
5.0,stratified,xgboost,0.1,75,16,20,455.0,3789.34,4244.34
5.0,stratified,xgboost,0.11,75,16,20,455.0,3789.34,4244.34
5.0,stratified,xgboost,0.12,74,16,21,450.0,3791.56,4241.5599999999995
5.0,stratified,xgboost,0.13,74,15,21,445.0,3791.56,4236.5599999999995
5.0,stratified,xgboost,0.14,73,15,22,440.0,3792.56,4232.5599999999995
5.0,stratified,xgboost,0.15,72,15,23,435.0,4032.49,4467.49
5.0,stratified,xgboost,0.16,72,15,23,435.0,4032.49,4467.49
5.0,stratified,xgboost,0.17,72,15,23,435.0,4032.49,4467.49
5.0,stratified,xgboost,0.18,72,14,23,430.0,4032.49,4462.49
5.0,stratified,xgboost,0.19,72,13,23,425.0,4032.49,4457.49
5.0,stratified,xgboost,0.2,72,12,23,420.0,4032.49,4452.49
5.0,stratified,xgboost,0.21,72,12,23,420.0,4032.49,4452.49
5.0,stratified,xgboost,0.22,72,12,23,420.0,4032.49,4452.49
5.0,stratified,xgboost,0.23,72,12,23,420.0,4032.49,4452.49
5.0,stratified,xgboost,0.24,72,10,23,410.0,4032.49,4442.49
5.0,stratified,xgboost,0.25,72,10,23,410.0,4032.49,4442.49
5.0,stratified,xgboost,0.26,72,10,23,410.0,4032.49,4442.49
5.0,stratified,xgboost,0.27,72,10,23,410.0,4032.49,4442.49
5.0,stratified,xgboost,0.28,72,10,23,410.0,4032.49,4442.49
5.0,stratified,xgboost,0.29,72,10,23,410.0,4032.49,4442.49
5.0,stratified,xgboost,0.3,71,9,24,400.0,4044.8,4444.8
5.0,stratified,xgboost,0.31,71,9,24,400.0,4044.8,4444.8
5.0,stratified,xgboost,0.32,71,9,24,400.0,4044.8,4444.8
5.0,stratified,xgboost,0.33,71,9,24,400.0,4044.8,4444.8
5.0,stratified,xgboost,0.34,71,8,24,395.0,4044.8,4439.8
5.0,stratified,xgboost,0.35,71,8,24,395.0,4044.8,4439.8
5.0,stratified,xgboost,0.36,71,8,24,395.0,4044.8,4439.8
5.0,stratified,xgboost,0.37,71,8,24,395.0,4044.8,4439.8
5.0,stratified,xgboost,0.38,71,8,24,395.0,4044.8,4439.8
5.0,stratified,xgboost,0.39,71,8,24,395.0,4044.8,4439.8
5.0,stratified,xgboost,0.4,71,4,24,375.0,4044.8,4419.8
5.0,stratified,xgboost,0.41,71,4,24,375.0,4044.8,4419.8
5.0,stratified,xgboost,0.42,71,4,24,375.0,4044.8,4419.8
5.0,stratified,xgboost,0.43,71,4,24,375.0,4044.8,4419.8
5.0,stratified,xgboost,0.44,71,4,24,375.0,4044.8,4419.8
5.0,stratified,xgboost,0.45,71,4,24,375.0,4044.8,4419.8
5.0,stratified,xgboost,0.46,71,4,24,375.0,4044.8,4419.8
5.0,stratified,xgboost,0.47,71,4,24,375.0,4044.8,4419.8
5.0,stratified,xgboost,0.48,70,4,25,370.0,4063.8399999999997,4433.84
5.0,stratified,xgboost,0.49,70,3,25,365.0,4063.8399999999997,4428.84
5.0,stratified,xgboost,0.5,70,3,25,365.0,4063.8399999999997,4428.84
5.0,stratified,xgboost,0.51,70,3,25,365.0,4063.8399999999997,4428.84
5.0,stratified,xgboost,0.52,70,3,25,365.0,4063.8399999999997,4428.84
5.0,stratified,xgboost,0.53,70,3,25,365.0,4063.8399999999997,4428.84
5.0,stratified,xgboost,0.54,70,3,25,365.0,4063.8399999999997,4428.84
5.0,stratified,xgboost,0.55,70,3,25,365.0,4063.8399999999997,4428.84
5.0,stratified,xgboost,0.56,70,3,25,365.0,4063.8399999999997,4428.84
5.0,stratified,xgboost,0.57,70,2,25,360.0,4063.8399999999997,4423.84
5.0,stratified,xgboost,0.58,70,2,25,360.0,4063.8399999999997,4423.84
5.0,stratified,xgboost,0.59,70,2,25,360.0,4063.8399999999997,4423.84
5.0,stratified,xgboost,0.6,70,2,25,360.0,4063.8399999999997,4423.84
5.0,stratified,xgboost,0.61,70,2,25,360.0,4063.8399999999997,4423.84
5.0,stratified,xgboost,0.62,70,2,25,360.0,4063.8399999999997,4423.84
5.0,stratified,xgboost,0.63,70,2,25,360.0,4063.8399999999997,4423.84
5.0,stratified,xgboost,0.64,69,2,26,355.0,4123.84,4478.84
5.0,stratified,xgboost,0.65,68,2,27,350.0,4124.52,4474.52
5.0,stratified,xgboost,0.66,68,2,27,350.0,4124.52,4474.52
5.0,stratified,xgboost,0.67,68,2,27,350.0,4124.52,4474.52
5.0,stratified,xgboost,0.68,68,2,27,350.0,4124.52,4474.52
5.0,stratified,xgboost,0.69,67,2,28,345.0,4125.5199999999995,4470.5199999999995
5.0,stratified,xgboost,0.7,66,2,29,340.0,4126.52,4466.52
5.0,stratified,xgboost,0.71,66,2,29,340.0,4126.52,4466.52
5.0,stratified,xgboost,0.72,66,2,29,340.0,4126.52,4466.52
5.0,stratified,xgboost,0.73,66,2,29,340.0,4126.52,4466.52
5.0,stratified,xgboost,0.74,66,2,29,340.0,4126.52,4466.52
5.0,stratified,xgboost,0.75,65,2,30,335.0,5936.2,6271.2
5.0,stratified,xgboost,0.76,65,2,30,335.0,5936.2,6271.2
5.0,stratified,xgboost,0.77,62,2,33,320.0,6236.17,6556.17
5.0,stratified,xgboost,0.78,62,2,33,320.0,6236.17,6556.17
5.0,stratified,xgboost,0.79,61,2,34,315.0,6237.17,6552.17
5.0,stratified,xgboost,0.8,61,2,34,315.0,6237.17,6552.17
5.0,stratified,xgboost,0.81,59,1,36,300.0,6331.030000000001,6631.030000000001
5.0,stratified,xgboost,0.82,59,1,36,300.0,6331.030000000001,6631.030000000001
5.0,stratified,xgboost,0.83,58,1,37,295.0,6431.0199999999995,6726.0199999999995
5.0,stratified,xgboost,0.84,58,1,37,295.0,6431.0199999999995,6726.0199999999995
5.0,stratified,xgboost,0.85,57,1,38,290.0,6531.01,6821.01
5.0,stratified,xgboost,0.86,57,1,38,290.0,6531.01,6821.01
5.0,stratified,xgboost,0.87,55,1,40,280.0,6792.23,7072.23
5.0,stratified,xgboost,0.88,55,1,40,280.0,6792.23,7072.23
5.0,stratified,xgboost,0.89,54,1,41,275.0,6869.17,7144.17
5.0,stratified,xgboost,0.9,52,1,43,265.0,7590.110000000001,7855.110000000001
5.0,stratified,xgboost,0.91,50,1,45,255.0,8423.02,8678.02
5.0,stratified,xgboost,0.92,49,1,46,250.0,8488.02,8738.02
5.0,stratified,xgboost,0.93,46,1,49,235.0,9261.829999999998,9496.829999999998
5.0,stratified,xgboost,0.94,43,1,52,220.0,9296.84,9516.84
5.0,stratified,xgboost,0.95,37,1,58,190.0,9311.79,9501.79
5.0,stratified,xgboost,0.96,28,0,67,140.0,10732.34,10872.34
5.0,stratified,xgboost,0.97,24,0,71,120.0,11884.019999999999,12004.019999999999
5.0,stratified,xgboost,0.98,16,0,79,80.0,12819.4,12899.4
5.0,stratified,xgboost,0.99,8,0,87,40.0,14225.08,14265.08
10.0,stratified,xgboost,0.01,81,178,14,2590.0,2599.31,5189.3099999999995
10.0,stratified,xgboost,0.02,77,90,18,1670.0,3785.58,5455.58
10.0,stratified,xgboost,0.03,77,58,18,1350.0,3785.58,5135.58
10.0,stratified,xgboost,0.04,77,39,18,1160.0,3785.58,4945.58
10.0,stratified,xgboost,0.05,76,31,19,1070.0,3789.34,4859.34
10.0,stratified,xgboost,0.06,76,20,19,960.0,3789.34,4749.34
10.0,stratified,xgboost,0.07,76,18,19,940.0,3789.34,4729.34
10.0,stratified,xgboost,0.08,76,17,19,930.0,3789.34,4719.34
10.0,stratified,xgboost,0.09,75,17,20,920.0,3789.34,4709.34
10.0,stratified,xgboost,0.1,75,16,20,910.0,3789.34,4699.34
10.0,stratified,xgboost,0.11,75,16,20,910.0,3789.34,4699.34
10.0,stratified,xgboost,0.12,74,16,21,900.0,3791.56,4691.5599999999995
10.0,stratified,xgboost,0.13,74,15,21,890.0,3791.56,4681.5599999999995
10.0,stratified,xgboost,0.14,73,15,22,880.0,3792.56,4672.5599999999995
10.0,stratified,xgboost,0.15,72,15,23,870.0,4032.49,4902.49
10.0,stratified,xgboost,0.16,72,15,23,870.0,4032.49,4902.49
10.0,stratified,xgboost,0.17,72,15,23,870.0,4032.49,4902.49
10.0,stratified,xgboost,0.18,72,14,23,860.0,4032.49,4892.49
10.0,stratified,xgboost,0.19,72,13,23,850.0,4032.49,4882.49
10.0,stratified,xgboost,0.2,72,12,23,840.0,4032.49,4872.49
10.0,stratified,xgboost,0.21,72,12,23,840.0,4032.49,4872.49
10.0,stratified,xgboost,0.22,72,12,23,840.0,4032.49,4872.49
10.0,stratified,xgboost,0.23,72,12,23,840.0,4032.49,4872.49
10.0,stratified,xgboost,0.24,72,10,23,820.0,4032.49,4852.49
10.0,stratified,xgboost,0.25,72,10,23,820.0,4032.49,4852.49
10.0,stratified,xgboost,0.26,72,10,23,820.0,4032.49,4852.49
10.0,stratified,xgboost,0.27,72,10,23,820.0,4032.49,4852.49
10.0,stratified,xgboost,0.28,72,10,23,820.0,4032.49,4852.49
10.0,stratified,xgboost,0.29,72,10,23,820.0,4032.49,4852.49
10.0,stratified,xgboost,0.3,71,9,24,800.0,4044.8,4844.8
10.0,stratified,xgboost,0.31,71,9,24,800.0,4044.8,4844.8
10.0,stratified,xgboost,0.32,71,9,24,800.0,4044.8,4844.8
10.0,stratified,xgboost,0.33,71,9,24,800.0,4044.8,4844.8
10.0,stratified,xgboost,0.34,71,8,24,790.0,4044.8,4834.8
10.0,stratified,xgboost,0.35,71,8,24,790.0,4044.8,4834.8
10.0,stratified,xgboost,0.36,71,8,24,790.0,4044.8,4834.8
10.0,stratified,xgboost,0.37,71,8,24,790.0,4044.8,4834.8
10.0,stratified,xgboost,0.38,71,8,24,790.0,4044.8,4834.8
10.0,stratified,xgboost,0.39,71,8,24,790.0,4044.8,4834.8
10.0,stratified,xgboost,0.4,71,4,24,750.0,4044.8,4794.8
10.0,stratified,xgboost,0.41,71,4,24,750.0,4044.8,4794.8
10.0,stratified,xgboost,0.42,71,4,24,750.0,4044.8,4794.8
10.0,stratified,xgboost,0.43,71,4,24,750.0,4044.8,4794.8
10.0,stratified,xgboost,0.44,71,4,24,750.0,4044.8,4794.8
10.0,stratified,xgboost,0.45,71,4,24,750.0,4044.8,4794.8
10.0,stratified,xgboost,0.46,71,4,24,750.0,4044.8,4794.8
10.0,stratified,xgboost,0.47,71,4,24,750.0,4044.8,4794.8
10.0,stratified,xgboost,0.48,70,4,25,740.0,4063.8399999999997,4803.84
10.0,stratified,xgboost,0.49,70,3,25,730.0,4063.8399999999997,4793.84
10.0,stratified,xgboost,0.5,70,3,25,730.0,4063.8399999999997,4793.84
10.0,stratified,xgboost,0.51,70,3,25,730.0,4063.8399999999997,4793.84
10.0,stratified,xgboost,0.52,70,3,25,730.0,4063.8399999999997,4793.84
10.0,stratified,xgboost,0.53,70,3,25,730.0,4063.8399999999997,4793.84
10.0,stratified,xgboost,0.54,70,3,25,730.0,4063.8399999999997,4793.84
10.0,stratified,xgboost,0.55,70,3,25,730.0,4063.8399999999997,4793.84
10.0,stratified,xgboost,0.56,70,3,25,730.0,4063.8399999999997,4793.84
10.0,stratified,xgboost,0.57,70,2,25,720.0,4063.8399999999997,4783.84
10.0,stratified,xgboost,0.58,70,2,25,720.0,4063.8399999999997,4783.84
10.0,stratified,xgboost,0.59,70,2,25,720.0,4063.8399999999997,4783.84
10.0,stratified,xgboost,0.6,70,2,25,720.0,4063.8399999999997,4783.84
10.0,stratified,xgboost,0.61,70,2,25,720.0,4063.8399999999997,4783.84
10.0,stratified,xgboost,0.62,70,2,25,720.0,4063.8399999999997,4783.84
10.0,stratified,xgboost,0.63,70,2,25,720.0,4063.8399999999997,4783.84
10.0,stratified,xgboost,0.64,69,2,26,710.0,4123.84,4833.84
10.0,stratified,xgboost,0.65,68,2,27,700.0,4124.52,4824.52
10.0,stratified,xgboost,0.66,68,2,27,700.0,4124.52,4824.52
10.0,stratified,xgboost,0.67,68,2,27,700.0,4124.52,4824.52
10.0,stratified,xgboost,0.68,68,2,27,700.0,4124.52,4824.52
10.0,stratified,xgboost,0.69,67,2,28,690.0,4125.5199999999995,4815.5199999999995
10.0,stratified,xgboost,0.7,66,2,29,680.0,4126.52,4806.52
10.0,stratified,xgboost,0.71,66,2,29,680.0,4126.52,4806.52
10.0,stratified,xgboost,0.72,66,2,29,680.0,4126.52,4806.52
10.0,stratified,xgboost,0.73,66,2,29,680.0,4126.52,4806.52
10.0,stratified,xgboost,0.74,66,2,29,680.0,4126.52,4806.52
10.0,stratified,xgboost,0.75,65,2,30,670.0,5936.2,6606.2
10.0,stratified,xgboost,0.76,65,2,30,670.0,5936.2,6606.2
10.0,stratified,xgboost,0.77,62,2,33,640.0,6236.17,6876.17
10.0,stratified,xgboost,0.78,62,2,33,640.0,6236.17,6876.17
10.0,stratified,xgboost,0.79,61,2,34,630.0,6237.17,6867.17
10.0,stratified,xgboost,0.8,61,2,34,630.0,6237.17,6867.17
10.0,stratified,xgboost,0.81,59,1,36,600.0,6331.030000000001,6931.030000000001
10.0,stratified,xgboost,0.82,59,1,36,600.0,6331.030000000001,6931.030000000001
10.0,stratified,xgboost,0.83,58,1,37,590.0,6431.0199999999995,7021.0199999999995
10.0,stratified,xgboost,0.84,58,1,37,590.0,6431.0199999999995,7021.0199999999995
10.0,stratified,xgboost,0.85,57,1,38,580.0,6531.01,7111.01
10.0,stratified,xgboost,0.86,57,1,38,580.0,6531.01,7111.01
10.0,stratified,xgboost,0.87,55,1,40,560.0,6792.23,7352.23
10.0,stratified,xgboost,0.88,55,1,40,560.0,6792.23,7352.23
10.0,stratified,xgboost,0.89,54,1,41,550.0,6869.17,7419.17
10.0,stratified,xgboost,0.9,52,1,43,530.0,7590.110000000001,8120.110000000001
10.0,stratified,xgboost,0.91,50,1,45,510.0,8423.02,8933.02
10.0,stratified,xgboost,0.92,49,1,46,500.0,8488.02,8988.02
10.0,stratified,xgboost,0.93,46,1,49,470.0,9261.829999999998,9731.829999999998
10.0,stratified,xgboost,0.94,43,1,52,440.0,9296.84,9736.84
10.0,stratified,xgboost,0.95,37,1,58,380.0,9311.79,9691.79
10.0,stratified,xgboost,0.96,28,0,67,280.0,10732.34,11012.34
10.0,stratified,xgboost,0.97,24,0,71,240.0,11884.019999999999,12124.019999999999
10.0,stratified,xgboost,0.98,16,0,79,160.0,12819.4,12979.4
10.0,stratified,xgboost,0.99,8,0,87,80.0,14225.08,14305.08
25.0,stratified,xgboost,0.01,81,178,14,6475.0,2599.31,9074.31
25.0,stratified,xgboost,0.02,77,90,18,4175.0,3785.58,7960.58
25.0,stratified,xgboost,0.03,77,58,18,3375.0,3785.58,7160.58
25.0,stratified,xgboost,0.04,77,39,18,2900.0,3785.58,6685.58
25.0,stratified,xgboost,0.05,76,31,19,2675.0,3789.34,6464.34
25.0,stratified,xgboost,0.06,76,20,19,2400.0,3789.34,6189.34
25.0,stratified,xgboost,0.07,76,18,19,2350.0,3789.34,6139.34
25.0,stratified,xgboost,0.08,76,17,19,2325.0,3789.34,6114.34
25.0,stratified,xgboost,0.09,75,17,20,2300.0,3789.34,6089.34
25.0,stratified,xgboost,0.1,75,16,20,2275.0,3789.34,6064.34
25.0,stratified,xgboost,0.11,75,16,20,2275.0,3789.34,6064.34
25.0,stratified,xgboost,0.12,74,16,21,2250.0,3791.56,6041.5599999999995
25.0,stratified,xgboost,0.13,74,15,21,2225.0,3791.56,6016.5599999999995
25.0,stratified,xgboost,0.14,73,15,22,2200.0,3792.56,5992.5599999999995
25.0,stratified,xgboost,0.15,72,15,23,2175.0,4032.49,6207.49
25.0,stratified,xgboost,0.16,72,15,23,2175.0,4032.49,6207.49
25.0,stratified,xgboost,0.17,72,15,23,2175.0,4032.49,6207.49
25.0,stratified,xgboost,0.18,72,14,23,2150.0,4032.49,6182.49
25.0,stratified,xgboost,0.19,72,13,23,2125.0,4032.49,6157.49
25.0,stratified,xgboost,0.2,72,12,23,2100.0,4032.49,6132.49
25.0,stratified,xgboost,0.21,72,12,23,2100.0,4032.49,6132.49
25.0,stratified,xgboost,0.22,72,12,23,2100.0,4032.49,6132.49
25.0,stratified,xgboost,0.23,72,12,23,2100.0,4032.49,6132.49
25.0,stratified,xgboost,0.24,72,10,23,2050.0,4032.49,6082.49
25.0,stratified,xgboost,0.25,72,10,23,2050.0,4032.49,6082.49
25.0,stratified,xgboost,0.26,72,10,23,2050.0,4032.49,6082.49
25.0,stratified,xgboost,0.27,72,10,23,2050.0,4032.49,6082.49
25.0,stratified,xgboost,0.28,72,10,23,2050.0,4032.49,6082.49
25.0,stratified,xgboost,0.29,72,10,23,2050.0,4032.49,6082.49
25.0,stratified,xgboost,0.3,71,9,24,2000.0,4044.8,6044.8
25.0,stratified,xgboost,0.31,71,9,24,2000.0,4044.8,6044.8
25.0,stratified,xgboost,0.32,71,9,24,2000.0,4044.8,6044.8
25.0,stratified,xgboost,0.33,71,9,24,2000.0,4044.8,6044.8
25.0,stratified,xgboost,0.34,71,8,24,1975.0,4044.8,6019.8
25.0,stratified,xgboost,0.35,71,8,24,1975.0,4044.8,6019.8
25.0,stratified,xgboost,0.36,71,8,24,1975.0,4044.8,6019.8
25.0,stratified,xgboost,0.37,71,8,24,1975.0,4044.8,6019.8
25.0,stratified,xgboost,0.38,71,8,24,1975.0,4044.8,6019.8
25.0,stratified,xgboost,0.39,71,8,24,1975.0,4044.8,6019.8
25.0,stratified,xgboost,0.4,71,4,24,1875.0,4044.8,5919.8
25.0,stratified,xgboost,0.41,71,4,24,1875.0,4044.8,5919.8
25.0,stratified,xgboost,0.42,71,4,24,1875.0,4044.8,5919.8
25.0,stratified,xgboost,0.43,71,4,24,1875.0,4044.8,5919.8
25.0,stratified,xgboost,0.44,71,4,24,1875.0,4044.8,5919.8
25.0,stratified,xgboost,0.45,71,4,24,1875.0,4044.8,5919.8
25.0,stratified,xgboost,0.46,71,4,24,1875.0,4044.8,5919.8
25.0,stratified,xgboost,0.47,71,4,24,1875.0,4044.8,5919.8
25.0,stratified,xgboost,0.48,70,4,25,1850.0,4063.8399999999997,5913.84
25.0,stratified,xgboost,0.49,70,3,25,1825.0,4063.8399999999997,5888.84
25.0,stratified,xgboost,0.5,70,3,25,1825.0,4063.8399999999997,5888.84
25.0,stratified,xgboost,0.51,70,3,25,1825.0,4063.8399999999997,5888.84
25.0,stratified,xgboost,0.52,70,3,25,1825.0,4063.8399999999997,5888.84
25.0,stratified,xgboost,0.53,70,3,25,1825.0,4063.8399999999997,5888.84
25.0,stratified,xgboost,0.54,70,3,25,1825.0,4063.8399999999997,5888.84
25.0,stratified,xgboost,0.55,70,3,25,1825.0,4063.8399999999997,5888.84
25.0,stratified,xgboost,0.56,70,3,25,1825.0,4063.8399999999997,5888.84
25.0,stratified,xgboost,0.57,70,2,25,1800.0,4063.8399999999997,5863.84
25.0,stratified,xgboost,0.58,70,2,25,1800.0,4063.8399999999997,5863.84
25.0,stratified,xgboost,0.59,70,2,25,1800.0,4063.8399999999997,5863.84
25.0,stratified,xgboost,0.6,70,2,25,1800.0,4063.8399999999997,5863.84
25.0,stratified,xgboost,0.61,70,2,25,1800.0,4063.8399999999997,5863.84
25.0,stratified,xgboost,0.62,70,2,25,1800.0,4063.8399999999997,5863.84
25.0,stratified,xgboost,0.63,70,2,25,1800.0,4063.8399999999997,5863.84
25.0,stratified,xgboost,0.64,69,2,26,1775.0,4123.84,5898.84
25.0,stratified,xgboost,0.65,68,2,27,1750.0,4124.52,5874.52
25.0,stratified,xgboost,0.66,68,2,27,1750.0,4124.52,5874.52
25.0,stratified,xgboost,0.67,68,2,27,1750.0,4124.52,5874.52
25.0,stratified,xgboost,0.68,68,2,27,1750.0,4124.52,5874.52
25.0,stratified,xgboost,0.69,67,2,28,1725.0,4125.5199999999995,5850.5199999999995
25.0,stratified,xgboost,0.7,66,2,29,1700.0,4126.52,5826.52
25.0,stratified,xgboost,0.71,66,2,29,1700.0,4126.52,5826.52
25.0,stratified,xgboost,0.72,66,2,29,1700.0,4126.52,5826.52
25.0,stratified,xgboost,0.73,66,2,29,1700.0,4126.52,5826.52
25.0,stratified,xgboost,0.74,66,2,29,1700.0,4126.52,5826.52
25.0,stratified,xgboost,0.75,65,2,30,1675.0,5936.2,7611.2
25.0,stratified,xgboost,0.76,65,2,30,1675.0,5936.2,7611.2
25.0,stratified,xgboost,0.77,62,2,33,1600.0,6236.17,7836.17
25.0,stratified,xgboost,0.78,62,2,33,1600.0,6236.17,7836.17
25.0,stratified,xgboost,0.79,61,2,34,1575.0,6237.17,7812.17
25.0,stratified,xgboost,0.8,61,2,34,1575.0,6237.17,7812.17
25.0,stratified,xgboost,0.81,59,1,36,1500.0,6331.030000000001,7831.030000000001
25.0,stratified,xgboost,0.82,59,1,36,1500.0,6331.030000000001,7831.030000000001
25.0,stratified,xgboost,0.83,58,1,37,1475.0,6431.0199999999995,7906.0199999999995
25.0,stratified,xgboost,0.84,58,1,37,1475.0,6431.0199999999995,7906.0199999999995
25.0,stratified,xgboost,0.85,57,1,38,1450.0,6531.01,7981.01
25.0,stratified,xgboost,0.86,57,1,38,1450.0,6531.01,7981.01
25.0,stratified,xgboost,0.87,55,1,40,1400.0,6792.23,8192.23
25.0,stratified,xgboost,0.88,55,1,40,1400.0,6792.23,8192.23
25.0,stratified,xgboost,0.89,54,1,41,1375.0,6869.17,8244.17
25.0,stratified,xgboost,0.9,52,1,43,1325.0,7590.110000000001,8915.11
25.0,stratified,xgboost,0.91,50,1,45,1275.0,8423.02,9698.02
25.0,stratified,xgboost,0.92,49,1,46,1250.0,8488.02,9738.02
25.0,stratified,xgboost,0.93,46,1,49,1175.0,9261.829999999998,10436.829999999998
25.0,stratified,xgboost,0.94,43,1,52,1100.0,9296.84,10396.84
25.0,stratified,xgboost,0.95,37,1,58,950.0,9311.79,10261.79
25.0,stratified,xgboost,0.96,28,0,67,700.0,10732.34,11432.34
25.0,stratified,xgboost,0.97,24,0,71,600.0,11884.019999999999,12484.019999999999
25.0,stratified,xgboost,0.98,16,0,79,400.0,12819.4,13219.4
25.0,stratified,xgboost,0.99,8,0,87,200.0,14225.08,14425.08
2.0,stratified,random_forest,0.01,78,212,17,580.0,3773.79,4353.79
2.0,stratified,random_forest,0.02,75,103,20,356.0,3789.34,4145.34
2.0,stratified,random_forest,0.03,74,64,21,276.0,3790.34,4066.34
2.0,stratified,random_forest,0.04,74,53,21,254.0,3790.34,4044.34
2.0,stratified,random_forest,0.05,74,48,21,244.0,3790.34,4034.34
2.0,stratified,random_forest,0.06,74,45,21,238.0,3790.34,4028.34
2.0,stratified,random_forest,0.07,74,40,21,228.0,3790.34,4018.34
2.0,stratified,random_forest,0.08,74,40,21,228.0,3790.34,4018.34
2.0,stratified,random_forest,0.09,74,35,21,218.0,3790.34,4008.34
2.0,stratified,random_forest,0.1,74,34,21,216.0,3790.34,4006.34
2.0,stratified,random_forest,0.11,74,32,21,212.0,3790.34,4002.34
2.0,stratified,random_forest,0.12,74,31,21,210.0,3790.34,4000.34
2.0,stratified,random_forest,0.13,74,29,21,206.0,3790.34,3996.34
2.0,stratified,random_forest,0.14,73,28,22,202.0,3792.56,3994.56
2.0,stratified,random_forest,0.15,73,27,22,200.0,3792.56,3992.56
2.0,stratified,random_forest,0.16,73,25,22,196.0,3792.56,3988.56
2.0,stratified,random_forest,0.17,73,24,22,194.0,3792.56,3986.56
2.0,stratified,random_forest,0.18,73,24,22,194.0,3792.56,3986.56
2.0,stratified,random_forest,0.19,73,21,22,188.0,3792.56,3980.56
2.0,stratified,random_forest,0.2,73,21,22,188.0,3792.56,3980.56
2.0,stratified,random_forest,0.21,73,20,22,186.0,3792.56,3978.56
2.0,stratified,random_forest,0.22,73,19,22,184.0,3792.56,3976.56
2.0,stratified,random_forest,0.23,73,19,22,184.0,3792.56,3976.56
2.0,stratified,random_forest,0.24,73,18,22,182.0,3792.56,3974.56
2.0,stratified,random_forest,0.25,73,16,22,178.0,3792.56,3970.56
2.0,stratified,random_forest,0.26,73,16,22,178.0,3792.56,3970.56
2.0,stratified,random_forest,0.27,73,14,22,174.0,3792.56,3966.56
2.0,stratified,random_forest,0.28,73,14,22,174.0,3792.56,3966.56
2.0,stratified,random_forest,0.29,73,13,22,172.0,3792.56,3964.56
2.0,stratified,random_forest,0.3,73,13,22,172.0,3792.56,3964.56
2.0,stratified,random_forest,0.31,73,13,22,172.0,3792.56,3964.56
2.0,stratified,random_forest,0.32,73,13,22,172.0,3792.56,3964.56
2.0,stratified,random_forest,0.33,73,13,22,172.0,3792.56,3964.56
2.0,stratified,random_forest,0.34,73,13,22,172.0,3792.56,3964.56
2.0,stratified,random_forest,0.35,73,12,22,170.0,3792.56,3962.56
2.0,stratified,random_forest,0.36,73,12,22,170.0,3792.56,3962.56
2.0,stratified,random_forest,0.37,73,12,22,170.0,3792.56,3962.56
2.0,stratified,random_forest,0.38,72,11,23,166.0,4053.78,4219.780000000001
2.0,stratified,random_forest,0.39,72,11,23,166.0,4053.78,4219.780000000001
2.0,stratified,random_forest,0.4,72,11,23,166.0,4053.78,4219.780000000001
2.0,stratified,random_forest,0.41,72,10,23,164.0,4053.78,4217.780000000001
2.0,stratified,random_forest,0.42,72,10,23,164.0,4053.78,4217.780000000001
2.0,stratified,random_forest,0.43,70,10,25,160.0,4312.75,4472.75
2.0,stratified,random_forest,0.44,70,10,25,160.0,4312.75,4472.75
2.0,stratified,random_forest,0.45,69,9,26,156.0,4913.4800000000005,5069.4800000000005
2.0,stratified,random_forest,0.46,69,9,26,156.0,4913.4800000000005,5069.4800000000005
2.0,stratified,random_forest,0.47,69,7,26,152.0,4913.4800000000005,5065.4800000000005
2.0,stratified,random_forest,0.48,69,6,26,150.0,4913.4800000000005,5063.4800000000005
2.0,stratified,random_forest,0.49,69,6,26,150.0,4913.4800000000005,5063.4800000000005
2.0,stratified,random_forest,0.5,69,5,26,148.0,4913.4800000000005,5061.4800000000005
2.0,stratified,random_forest,0.51,67,5,28,144.0,4915.16,5059.16
2.0,stratified,random_forest,0.52,67,5,28,144.0,4915.16,5059.16
2.0,stratified,random_forest,0.53,67,4,28,142.0,4915.16,5057.16
2.0,stratified,random_forest,0.54,66,3,29,138.0,5632.3099999999995,5770.3099999999995
2.0,stratified,random_forest,0.55,66,2,29,136.0,5632.3099999999995,5768.3099999999995
2.0,stratified,random_forest,0.56,66,2,29,136.0,5632.3099999999995,5768.3099999999995
2.0,stratified,random_forest,0.57,65,2,30,134.0,5632.31,5766.31
2.0,stratified,random_forest,0.58,64,2,31,132.0,5644.62,5776.62
2.0,stratified,random_forest,0.59,64,2,31,132.0,5644.62,5776.62
2.0,stratified,random_forest,0.6,64,2,31,132.0,5644.62,5776.62
2.0,stratified,random_forest,0.61,64,2,31,132.0,5644.62,5776.62
2.0,stratified,random_forest,0.62,64,2,31,132.0,5644.62,5776.62
2.0,stratified,random_forest,0.63,64,2,31,132.0,5644.62,5776.62
2.0,stratified,random_forest,0.64,63,2,32,130.0,7454.3,7584.3
2.0,stratified,random_forest,0.65,63,2,32,130.0,7454.3,7584.3
2.0,stratified,random_forest,0.66,63,2,32,130.0,7454.3,7584.3
2.0,stratified,random_forest,0.67,61,2,34,126.0,7473.300000000001,7599.300000000001
2.0,stratified,random_forest,0.68,61,2,34,126.0,7473.300000000001,7599.300000000001
2.0,stratified,random_forest,0.69,59,2,36,122.0,7608.29,7730.29
2.0,stratified,random_forest,0.7,58,2,37,120.0,7685.2300000000005,7805.2300000000005
2.0,stratified,random_forest,0.71,58,2,37,120.0,7685.2300000000005,7805.2300000000005
2.0,stratified,random_forest,0.72,56,2,39,116.0,7885.21,8001.21
2.0,stratified,random_forest,0.73,55,2,40,114.0,7887.21,8001.21
2.0,stratified,random_forest,0.74,54,2,41,112.0,8157.21,8269.21
2.0,stratified,random_forest,0.75,53,2,42,110.0,8959.73,9069.73
2.0,stratified,random_forest,0.76,53,2,42,110.0,8959.73,9069.73
2.0,stratified,random_forest,0.77,53,2,42,110.0,8959.73,9069.73
2.0,stratified,random_forest,0.78,53,2,42,110.0,8959.73,9069.73
2.0,stratified,random_forest,0.79,53,2,42,110.0,8959.73,9069.73
2.0,stratified,random_forest,0.8,51,2,44,106.0,8966.640000000001,9072.640000000001
2.0,stratified,random_forest,0.81,50,2,45,104.0,8967.640000000001,9071.640000000001
2.0,stratified,random_forest,0.82,47,2,48,98.0,9009.5,9107.5
2.0,stratified,random_forest,0.83,46,1,49,94.0,9009.5,9103.5
2.0,stratified,random_forest,0.84,45,1,50,92.0,9069.5,9161.5
2.0,stratified,random_forest,0.85,43,0,52,86.0,10423.75,10509.75
2.0,stratified,random_forest,0.86,43,0,52,86.0,10423.75,10509.75
2.0,stratified,random_forest,0.87,40,0,55,80.0,10645.55,10725.55
2.0,stratified,random_forest,0.88,33,0,62,66.0,11198.77,11264.77
2.0,stratified,random_forest,0.89,27,0,68,54.0,12121.67,12175.67
2.0,stratified,random_forest,0.9,23,0,72,46.0,12967.16,13013.16
2.0,stratified,random_forest,0.91,22,0,73,44.0,12968.160000000002,13012.160000000002
2.0,stratified,random_forest,0.92,20,0,75,40.0,13034.16,13074.16
2.0,stratified,random_forest,0.93,19,0,76,38.0,13035.34,13073.34
2.0,stratified,random_forest,0.94,15,0,80,30.0,14024.470000000001,14054.470000000001
2.0,stratified,random_forest,0.95,12,0,83,24.0,14055.630000000001,14079.630000000001
2.0,stratified,random_forest,0.96,9,0,86,18.0,14147.039999999999,14165.039999999999
2.0,stratified,random_forest,0.97,7,0,88,14.0,14259.369999999999,14273.369999999999
2.0,stratified,random_forest,0.98,6,0,89,12.0,14260.369999999999,14272.369999999999
2.0,stratified,random_forest,0.99,3,0,92,6.0,14647.01,14653.01
5.0,stratified,random_forest,0.01,78,212,17,1450.0,3773.79,5223.79
5.0,stratified,random_forest,0.02,75,103,20,890.0,3789.34,4679.34
5.0,stratified,random_forest,0.03,74,64,21,690.0,3790.34,4480.34
5.0,stratified,random_forest,0.04,74,53,21,635.0,3790.34,4425.34
5.0,stratified,random_forest,0.05,74,48,21,610.0,3790.34,4400.34
5.0,stratified,random_forest,0.06,74,45,21,595.0,3790.34,4385.34
5.0,stratified,random_forest,0.07,74,40,21,570.0,3790.34,4360.34
5.0,stratified,random_forest,0.08,74,40,21,570.0,3790.34,4360.34
5.0,stratified,random_forest,0.09,74,35,21,545.0,3790.34,4335.34
5.0,stratified,random_forest,0.1,74,34,21,540.0,3790.34,4330.34
5.0,stratified,random_forest,0.11,74,32,21,530.0,3790.34,4320.34
5.0,stratified,random_forest,0.12,74,31,21,525.0,3790.34,4315.34
5.0,stratified,random_forest,0.13,74,29,21,515.0,3790.34,4305.34
5.0,stratified,random_forest,0.14,73,28,22,505.0,3792.56,4297.5599999999995
5.0,stratified,random_forest,0.15,73,27,22,500.0,3792.56,4292.5599999999995
5.0,stratified,random_forest,0.16,73,25,22,490.0,3792.56,4282.5599999999995
5.0,stratified,random_forest,0.17,73,24,22,485.0,3792.56,4277.5599999999995
5.0,stratified,random_forest,0.18,73,24,22,485.0,3792.56,4277.5599999999995
5.0,stratified,random_forest,0.19,73,21,22,470.0,3792.56,4262.5599999999995
5.0,stratified,random_forest,0.2,73,21,22,470.0,3792.56,4262.5599999999995
5.0,stratified,random_forest,0.21,73,20,22,465.0,3792.56,4257.5599999999995
5.0,stratified,random_forest,0.22,73,19,22,460.0,3792.56,4252.5599999999995
5.0,stratified,random_forest,0.23,73,19,22,460.0,3792.56,4252.5599999999995
5.0,stratified,random_forest,0.24,73,18,22,455.0,3792.56,4247.5599999999995
5.0,stratified,random_forest,0.25,73,16,22,445.0,3792.56,4237.5599999999995
5.0,stratified,random_forest,0.26,73,16,22,445.0,3792.56,4237.5599999999995
5.0,stratified,random_forest,0.27,73,14,22,435.0,3792.56,4227.5599999999995
5.0,stratified,random_forest,0.28,73,14,22,435.0,3792.56,4227.5599999999995
5.0,stratified,random_forest,0.29,73,13,22,430.0,3792.56,4222.5599999999995
5.0,stratified,random_forest,0.3,73,13,22,430.0,3792.56,4222.5599999999995
5.0,stratified,random_forest,0.31,73,13,22,430.0,3792.56,4222.5599999999995
5.0,stratified,random_forest,0.32,73,13,22,430.0,3792.56,4222.5599999999995
5.0,stratified,random_forest,0.33,73,13,22,430.0,3792.56,4222.5599999999995
5.0,stratified,random_forest,0.34,73,13,22,430.0,3792.56,4222.5599999999995
5.0,stratified,random_forest,0.35,73,12,22,425.0,3792.56,4217.5599999999995
5.0,stratified,random_forest,0.36,73,12,22,425.0,3792.56,4217.5599999999995
5.0,stratified,random_forest,0.37,73,12,22,425.0,3792.56,4217.5599999999995
5.0,stratified,random_forest,0.38,72,11,23,415.0,4053.78,4468.780000000001
5.0,stratified,random_forest,0.39,72,11,23,415.0,4053.78,4468.780000000001
5.0,stratified,random_forest,0.4,72,11,23,415.0,4053.78,4468.780000000001
5.0,stratified,random_forest,0.41,72,10,23,410.0,4053.78,4463.780000000001
5.0,stratified,random_forest,0.42,72,10,23,410.0,4053.78,4463.780000000001
5.0,stratified,random_forest,0.43,70,10,25,400.0,4312.75,4712.75
5.0,stratified,random_forest,0.44,70,10,25,400.0,4312.75,4712.75
5.0,stratified,random_forest,0.45,69,9,26,390.0,4913.4800000000005,5303.4800000000005
5.0,stratified,random_forest,0.46,69,9,26,390.0,4913.4800000000005,5303.4800000000005
5.0,stratified,random_forest,0.47,69,7,26,380.0,4913.4800000000005,5293.4800000000005
5.0,stratified,random_forest,0.48,69,6,26,375.0,4913.4800000000005,5288.4800000000005
5.0,stratified,random_forest,0.49,69,6,26,375.0,4913.4800000000005,5288.4800000000005
5.0,stratified,random_forest,0.5,69,5,26,370.0,4913.4800000000005,5283.4800000000005
5.0,stratified,random_forest,0.51,67,5,28,360.0,4915.16,5275.16
5.0,stratified,random_forest,0.52,67,5,28,360.0,4915.16,5275.16
5.0,stratified,random_forest,0.53,67,4,28,355.0,4915.16,5270.16
5.0,stratified,random_forest,0.54,66,3,29,345.0,5632.3099999999995,5977.3099999999995
5.0,stratified,random_forest,0.55,66,2,29,340.0,5632.3099999999995,5972.3099999999995
5.0,stratified,random_forest,0.56,66,2,29,340.0,5632.3099999999995,5972.3099999999995
5.0,stratified,random_forest,0.57,65,2,30,335.0,5632.31,5967.31
5.0,stratified,random_forest,0.58,64,2,31,330.0,5644.62,5974.62
5.0,stratified,random_forest,0.59,64,2,31,330.0,5644.62,5974.62
5.0,stratified,random_forest,0.6,64,2,31,330.0,5644.62,5974.62
5.0,stratified,random_forest,0.61,64,2,31,330.0,5644.62,5974.62
5.0,stratified,random_forest,0.62,64,2,31,330.0,5644.62,5974.62
5.0,stratified,random_forest,0.63,64,2,31,330.0,5644.62,5974.62
5.0,stratified,random_forest,0.64,63,2,32,325.0,7454.3,7779.3
5.0,stratified,random_forest,0.65,63,2,32,325.0,7454.3,7779.3
5.0,stratified,random_forest,0.66,63,2,32,325.0,7454.3,7779.3
5.0,stratified,random_forest,0.67,61,2,34,315.0,7473.300000000001,7788.300000000001
5.0,stratified,random_forest,0.68,61,2,34,315.0,7473.300000000001,7788.300000000001
5.0,stratified,random_forest,0.69,59,2,36,305.0,7608.29,7913.29
5.0,stratified,random_forest,0.7,58,2,37,300.0,7685.2300000000005,7985.2300000000005
5.0,stratified,random_forest,0.71,58,2,37,300.0,7685.2300000000005,7985.2300000000005
5.0,stratified,random_forest,0.72,56,2,39,290.0,7885.21,8175.21
5.0,stratified,random_forest,0.73,55,2,40,285.0,7887.21,8172.21
5.0,stratified,random_forest,0.74,54,2,41,280.0,8157.21,8437.21
5.0,stratified,random_forest,0.75,53,2,42,275.0,8959.73,9234.73
5.0,stratified,random_forest,0.76,53,2,42,275.0,8959.73,9234.73
5.0,stratified,random_forest,0.77,53,2,42,275.0,8959.73,9234.73
5.0,stratified,random_forest,0.78,53,2,42,275.0,8959.73,9234.73
5.0,stratified,random_forest,0.79,53,2,42,275.0,8959.73,9234.73
5.0,stratified,random_forest,0.8,51,2,44,265.0,8966.640000000001,9231.640000000001
5.0,stratified,random_forest,0.81,50,2,45,260.0,8967.640000000001,9227.640000000001
5.0,stratified,random_forest,0.82,47,2,48,245.0,9009.5,9254.5
5.0,stratified,random_forest,0.83,46,1,49,235.0,9009.5,9244.5
5.0,stratified,random_forest,0.84,45,1,50,230.0,9069.5,9299.5
5.0,stratified,random_forest,0.85,43,0,52,215.0,10423.75,10638.75
5.0,stratified,random_forest,0.86,43,0,52,215.0,10423.75,10638.75
5.0,stratified,random_forest,0.87,40,0,55,200.0,10645.55,10845.55
5.0,stratified,random_forest,0.88,33,0,62,165.0,11198.77,11363.77
5.0,stratified,random_forest,0.89,27,0,68,135.0,12121.67,12256.67
5.0,stratified,random_forest,0.9,23,0,72,115.0,12967.16,13082.16
5.0,stratified,random_forest,0.91,22,0,73,110.0,12968.160000000002,13078.160000000002
5.0,stratified,random_forest,0.92,20,0,75,100.0,13034.16,13134.16
5.0,stratified,random_forest,0.93,19,0,76,95.0,13035.34,13130.34
5.0,stratified,random_forest,0.94,15,0,80,75.0,14024.470000000001,14099.470000000001
5.0,stratified,random_forest,0.95,12,0,83,60.0,14055.630000000001,14115.630000000001
5.0,stratified,random_forest,0.96,9,0,86,45.0,14147.039999999999,14192.039999999999
5.0,stratified,random_forest,0.97,7,0,88,35.0,14259.369999999999,14294.369999999999
5.0,stratified,random_forest,0.98,6,0,89,30.0,14260.369999999999,14290.369999999999
5.0,stratified,random_forest,0.99,3,0,92,15.0,14647.01,14662.01
10.0,stratified,random_forest,0.01,78,212,17,2900.0,3773.79,6673.79
10.0,stratified,random_forest,0.02,75,103,20,1780.0,3789.34,5569.34
10.0,stratified,random_forest,0.03,74,64,21,1380.0,3790.34,5170.34
10.0,stratified,random_forest,0.04,74,53,21,1270.0,3790.34,5060.34
10.0,stratified,random_forest,0.05,74,48,21,1220.0,3790.34,5010.34
10.0,stratified,random_forest,0.06,74,45,21,1190.0,3790.34,4980.34
10.0,stratified,random_forest,0.07,74,40,21,1140.0,3790.34,4930.34
10.0,stratified,random_forest,0.08,74,40,21,1140.0,3790.34,4930.34
10.0,stratified,random_forest,0.09,74,35,21,1090.0,3790.34,4880.34
10.0,stratified,random_forest,0.1,74,34,21,1080.0,3790.34,4870.34
10.0,stratified,random_forest,0.11,74,32,21,1060.0,3790.34,4850.34
10.0,stratified,random_forest,0.12,74,31,21,1050.0,3790.34,4840.34
10.0,stratified,random_forest,0.13,74,29,21,1030.0,3790.34,4820.34
10.0,stratified,random_forest,0.14,73,28,22,1010.0,3792.56,4802.5599999999995
10.0,stratified,random_forest,0.15,73,27,22,1000.0,3792.56,4792.5599999999995
10.0,stratified,random_forest,0.16,73,25,22,980.0,3792.56,4772.5599999999995
10.0,stratified,random_forest,0.17,73,24,22,970.0,3792.56,4762.5599999999995
10.0,stratified,random_forest,0.18,73,24,22,970.0,3792.56,4762.5599999999995
10.0,stratified,random_forest,0.19,73,21,22,940.0,3792.56,4732.5599999999995
10.0,stratified,random_forest,0.2,73,21,22,940.0,3792.56,4732.5599999999995
10.0,stratified,random_forest,0.21,73,20,22,930.0,3792.56,4722.5599999999995
10.0,stratified,random_forest,0.22,73,19,22,920.0,3792.56,4712.5599999999995
10.0,stratified,random_forest,0.23,73,19,22,920.0,3792.56,4712.5599999999995
10.0,stratified,random_forest,0.24,73,18,22,910.0,3792.56,4702.5599999999995
10.0,stratified,random_forest,0.25,73,16,22,890.0,3792.56,4682.5599999999995
10.0,stratified,random_forest,0.26,73,16,22,890.0,3792.56,4682.5599999999995
10.0,stratified,random_forest,0.27,73,14,22,870.0,3792.56,4662.5599999999995
10.0,stratified,random_forest,0.28,73,14,22,870.0,3792.56,4662.5599999999995
10.0,stratified,random_forest,0.29,73,13,22,860.0,3792.56,4652.5599999999995
10.0,stratified,random_forest,0.3,73,13,22,860.0,3792.56,4652.5599999999995
10.0,stratified,random_forest,0.31,73,13,22,860.0,3792.56,4652.5599999999995
10.0,stratified,random_forest,0.32,73,13,22,860.0,3792.56,4652.5599999999995
10.0,stratified,random_forest,0.33,73,13,22,860.0,3792.56,4652.5599999999995
10.0,stratified,random_forest,0.34,73,13,22,860.0,3792.56,4652.5599999999995
10.0,stratified,random_forest,0.35,73,12,22,850.0,3792.56,4642.5599999999995
10.0,stratified,random_forest,0.36,73,12,22,850.0,3792.56,4642.5599999999995
10.0,stratified,random_forest,0.37,73,12,22,850.0,3792.56,4642.5599999999995
10.0,stratified,random_forest,0.38,72,11,23,830.0,4053.78,4883.780000000001
10.0,stratified,random_forest,0.39,72,11,23,830.0,4053.78,4883.780000000001
10.0,stratified,random_forest,0.4,72,11,23,830.0,4053.78,4883.780000000001
10.0,stratified,random_forest,0.41,72,10,23,820.0,4053.78,4873.780000000001
10.0,stratified,random_forest,0.42,72,10,23,820.0,4053.78,4873.780000000001
10.0,stratified,random_forest,0.43,70,10,25,800.0,4312.75,5112.75
10.0,stratified,random_forest,0.44,70,10,25,800.0,4312.75,5112.75
10.0,stratified,random_forest,0.45,69,9,26,780.0,4913.4800000000005,5693.4800000000005
10.0,stratified,random_forest,0.46,69,9,26,780.0,4913.4800000000005,5693.4800000000005
10.0,stratified,random_forest,0.47,69,7,26,760.0,4913.4800000000005,5673.4800000000005
10.0,stratified,random_forest,0.48,69,6,26,750.0,4913.4800000000005,5663.4800000000005
10.0,stratified,random_forest,0.49,69,6,26,750.0,4913.4800000000005,5663.4800000000005
10.0,stratified,random_forest,0.5,69,5,26,740.0,4913.4800000000005,5653.4800000000005
10.0,stratified,random_forest,0.51,67,5,28,720.0,4915.16,5635.16
10.0,stratified,random_forest,0.52,67,5,28,720.0,4915.16,5635.16
10.0,stratified,random_forest,0.53,67,4,28,710.0,4915.16,5625.16
10.0,stratified,random_forest,0.54,66,3,29,690.0,5632.3099999999995,6322.3099999999995
10.0,stratified,random_forest,0.55,66,2,29,680.0,5632.3099999999995,6312.3099999999995
10.0,stratified,random_forest,0.56,66,2,29,680.0,5632.3099999999995,6312.3099999999995
10.0,stratified,random_forest,0.57,65,2,30,670.0,5632.31,6302.31
10.0,stratified,random_forest,0.58,64,2,31,660.0,5644.62,6304.62
10.0,stratified,random_forest,0.59,64,2,31,660.0,5644.62,6304.62
10.0,stratified,random_forest,0.6,64,2,31,660.0,5644.62,6304.62
10.0,stratified,random_forest,0.61,64,2,31,660.0,5644.62,6304.62
10.0,stratified,random_forest,0.62,64,2,31,660.0,5644.62,6304.62
10.0,stratified,random_forest,0.63,64,2,31,660.0,5644.62,6304.62
10.0,stratified,random_forest,0.64,63,2,32,650.0,7454.3,8104.3
10.0,stratified,random_forest,0.65,63,2,32,650.0,7454.3,8104.3
10.0,stratified,random_forest,0.66,63,2,32,650.0,7454.3,8104.3
10.0,stratified,random_forest,0.67,61,2,34,630.0,7473.300000000001,8103.300000000001
10.0,stratified,random_forest,0.68,61,2,34,630.0,7473.300000000001,8103.300000000001
10.0,stratified,random_forest,0.69,59,2,36,610.0,7608.29,8218.29
10.0,stratified,random_forest,0.7,58,2,37,600.0,7685.2300000000005,8285.23
10.0,stratified,random_forest,0.71,58,2,37,600.0,7685.2300000000005,8285.23
10.0,stratified,random_forest,0.72,56,2,39,580.0,7885.21,8465.21
10.0,stratified,random_forest,0.73,55,2,40,570.0,7887.21,8457.21
10.0,stratified,random_forest,0.74,54,2,41,560.0,8157.21,8717.21
10.0,stratified,random_forest,0.75,53,2,42,550.0,8959.73,9509.73
10.0,stratified,random_forest,0.76,53,2,42,550.0,8959.73,9509.73
10.0,stratified,random_forest,0.77,53,2,42,550.0,8959.73,9509.73
10.0,stratified,random_forest,0.78,53,2,42,550.0,8959.73,9509.73
10.0,stratified,random_forest,0.79,53,2,42,550.0,8959.73,9509.73
10.0,stratified,random_forest,0.8,51,2,44,530.0,8966.640000000001,9496.640000000001
10.0,stratified,random_forest,0.81,50,2,45,520.0,8967.640000000001,9487.640000000001
10.0,stratified,random_forest,0.82,47,2,48,490.0,9009.5,9499.5
10.0,stratified,random_forest,0.83,46,1,49,470.0,9009.5,9479.5
10.0,stratified,random_forest,0.84,45,1,50,460.0,9069.5,9529.5
10.0,stratified,random_forest,0.85,43,0,52,430.0,10423.75,10853.75
10.0,stratified,random_forest,0.86,43,0,52,430.0,10423.75,10853.75
10.0,stratified,random_forest,0.87,40,0,55,400.0,10645.55,11045.55
10.0,stratified,random_forest,0.88,33,0,62,330.0,11198.77,11528.77
10.0,stratified,random_forest,0.89,27,0,68,270.0,12121.67,12391.67
10.0,stratified,random_forest,0.9,23,0,72,230.0,12967.16,13197.16
10.0,stratified,random_forest,0.91,22,0,73,220.0,12968.160000000002,13188.160000000002
10.0,stratified,random_forest,0.92,20,0,75,200.0,13034.16,13234.16
10.0,stratified,random_forest,0.93,19,0,76,190.0,13035.34,13225.34
10.0,stratified,random_forest,0.94,15,0,80,150.0,14024.470000000001,14174.470000000001
10.0,stratified,random_forest,0.95,12,0,83,120.0,14055.630000000001,14175.630000000001
10.0,stratified,random_forest,0.96,9,0,86,90.0,14147.039999999999,14237.039999999999
10.0,stratified,random_forest,0.97,7,0,88,70.0,14259.369999999999,14329.369999999999
10.0,stratified,random_forest,0.98,6,0,89,60.0,14260.369999999999,14320.369999999999
10.0,stratified,random_forest,0.99,3,0,92,30.0,14647.01,14677.01
25.0,stratified,random_forest,0.01,78,212,17,7250.0,3773.79,11023.79
25.0,stratified,random_forest,0.02,75,103,20,4450.0,3789.34,8239.34
25.0,stratified,random_forest,0.03,74,64,21,3450.0,3790.34,7240.34
25.0,stratified,random_forest,0.04,74,53,21,3175.0,3790.34,6965.34
25.0,stratified,random_forest,0.05,74,48,21,3050.0,3790.34,6840.34
25.0,stratified,random_forest,0.06,74,45,21,2975.0,3790.34,6765.34
25.0,stratified,random_forest,0.07,74,40,21,2850.0,3790.34,6640.34
25.0,stratified,random_forest,0.08,74,40,21,2850.0,3790.34,6640.34
25.0,stratified,random_forest,0.09,74,35,21,2725.0,3790.34,6515.34
25.0,stratified,random_forest,0.1,74,34,21,2700.0,3790.34,6490.34
25.0,stratified,random_forest,0.11,74,32,21,2650.0,3790.34,6440.34
25.0,stratified,random_forest,0.12,74,31,21,2625.0,3790.34,6415.34
25.0,stratified,random_forest,0.13,74,29,21,2575.0,3790.34,6365.34
25.0,stratified,random_forest,0.14,73,28,22,2525.0,3792.56,6317.5599999999995
25.0,stratified,random_forest,0.15,73,27,22,2500.0,3792.56,6292.5599999999995
25.0,stratified,random_forest,0.16,73,25,22,2450.0,3792.56,6242.5599999999995
25.0,stratified,random_forest,0.17,73,24,22,2425.0,3792.56,6217.5599999999995
25.0,stratified,random_forest,0.18,73,24,22,2425.0,3792.56,6217.5599999999995
25.0,stratified,random_forest,0.19,73,21,22,2350.0,3792.56,6142.5599999999995
25.0,stratified,random_forest,0.2,73,21,22,2350.0,3792.56,6142.5599999999995
25.0,stratified,random_forest,0.21,73,20,22,2325.0,3792.56,6117.5599999999995
25.0,stratified,random_forest,0.22,73,19,22,2300.0,3792.56,6092.5599999999995
25.0,stratified,random_forest,0.23,73,19,22,2300.0,3792.56,6092.5599999999995
25.0,stratified,random_forest,0.24,73,18,22,2275.0,3792.56,6067.5599999999995
25.0,stratified,random_forest,0.25,73,16,22,2225.0,3792.56,6017.5599999999995
25.0,stratified,random_forest,0.26,73,16,22,2225.0,3792.56,6017.5599999999995
25.0,stratified,random_forest,0.27,73,14,22,2175.0,3792.56,5967.5599999999995
25.0,stratified,random_forest,0.28,73,14,22,2175.0,3792.56,5967.5599999999995
25.0,stratified,random_forest,0.29,73,13,22,2150.0,3792.56,5942.5599999999995
25.0,stratified,random_forest,0.3,73,13,22,2150.0,3792.56,5942.5599999999995
25.0,stratified,random_forest,0.31,73,13,22,2150.0,3792.56,5942.5599999999995
25.0,stratified,random_forest,0.32,73,13,22,2150.0,3792.56,5942.5599999999995
25.0,stratified,random_forest,0.33,73,13,22,2150.0,3792.56,5942.5599999999995
25.0,stratified,random_forest,0.34,73,13,22,2150.0,3792.56,5942.5599999999995
25.0,stratified,random_forest,0.35,73,12,22,2125.0,3792.56,5917.5599999999995
25.0,stratified,random_forest,0.36,73,12,22,2125.0,3792.56,5917.5599999999995
25.0,stratified,random_forest,0.37,73,12,22,2125.0,3792.56,5917.5599999999995
25.0,stratified,random_forest,0.38,72,11,23,2075.0,4053.78,6128.780000000001
25.0,stratified,random_forest,0.39,72,11,23,2075.0,4053.78,6128.780000000001
25.0,stratified,random_forest,0.4,72,11,23,2075.0,4053.78,6128.780000000001
25.0,stratified,random_forest,0.41,72,10,23,2050.0,4053.78,6103.780000000001
25.0,stratified,random_forest,0.42,72,10,23,2050.0,4053.78,6103.780000000001
25.0,stratified,random_forest,0.43,70,10,25,2000.0,4312.75,6312.75
25.0,stratified,random_forest,0.44,70,10,25,2000.0,4312.75,6312.75
25.0,stratified,random_forest,0.45,69,9,26,1950.0,4913.4800000000005,6863.4800000000005
25.0,stratified,random_forest,0.46,69,9,26,1950.0,4913.4800000000005,6863.4800000000005
25.0,stratified,random_forest,0.47,69,7,26,1900.0,4913.4800000000005,6813.4800000000005
25.0,stratified,random_forest,0.48,69,6,26,1875.0,4913.4800000000005,6788.4800000000005
25.0,stratified,random_forest,0.49,69,6,26,1875.0,4913.4800000000005,6788.4800000000005
25.0,stratified,random_forest,0.5,69,5,26,1850.0,4913.4800000000005,6763.4800000000005
25.0,stratified,random_forest,0.51,67,5,28,1800.0,4915.16,6715.16
25.0,stratified,random_forest,0.52,67,5,28,1800.0,4915.16,6715.16
25.0,stratified,random_forest,0.53,67,4,28,1775.0,4915.16,6690.16
25.0,stratified,random_forest,0.54,66,3,29,1725.0,5632.3099999999995,7357.3099999999995
25.0,stratified,random_forest,0.55,66,2,29,1700.0,5632.3099999999995,7332.3099999999995
25.0,stratified,random_forest,0.56,66,2,29,1700.0,5632.3099999999995,7332.3099999999995
25.0,stratified,random_forest,0.57,65,2,30,1675.0,5632.31,7307.31
25.0,stratified,random_forest,0.58,64,2,31,1650.0,5644.62,7294.62
25.0,stratified,random_forest,0.59,64,2,31,1650.0,5644.62,7294.62
25.0,stratified,random_forest,0.6,64,2,31,1650.0,5644.62,7294.62
25.0,stratified,random_forest,0.61,64,2,31,1650.0,5644.62,7294.62
25.0,stratified,random_forest,0.62,64,2,31,1650.0,5644.62,7294.62
25.0,stratified,random_forest,0.63,64,2,31,1650.0,5644.62,7294.62
25.0,stratified,random_forest,0.64,63,2,32,1625.0,7454.3,9079.3
25.0,stratified,random_forest,0.65,63,2,32,1625.0,7454.3,9079.3
25.0,stratified,random_forest,0.66,63,2,32,1625.0,7454.3,9079.3
25.0,stratified,random_forest,0.67,61,2,34,1575.0,7473.300000000001,9048.300000000001
25.0,stratified,random_forest,0.68,61,2,34,1575.0,7473.300000000001,9048.300000000001
25.0,stratified,random_forest,0.69,59,2,36,1525.0,7608.29,9133.29
25.0,stratified,random_forest,0.7,58,2,37,1500.0,7685.2300000000005,9185.23
25.0,stratified,random_forest,0.71,58,2,37,1500.0,7685.2300000000005,9185.23
25.0,stratified,random_forest,0.72,56,2,39,1450.0,7885.21,9335.21
25.0,stratified,random_forest,0.73,55,2,40,1425.0,7887.21,9312.21
25.0,stratified,random_forest,0.74,54,2,41,1400.0,8157.21,9557.21
25.0,stratified,random_forest,0.75,53,2,42,1375.0,8959.73,10334.73
25.0,stratified,random_forest,0.76,53,2,42,1375.0,8959.73,10334.73
25.0,stratified,random_forest,0.77,53,2,42,1375.0,8959.73,10334.73
25.0,stratified,random_forest,0.78,53,2,42,1375.0,8959.73,10334.73
25.0,stratified,random_forest,0.79,53,2,42,1375.0,8959.73,10334.73
25.0,stratified,random_forest,0.8,51,2,44,1325.0,8966.640000000001,10291.640000000001
25.0,stratified,random_forest,0.81,50,2,45,1300.0,8967.640000000001,10267.640000000001
25.0,stratified,random_forest,0.82,47,2,48,1225.0,9009.5,10234.5
25.0,stratified,random_forest,0.83,46,1,49,1175.0,9009.5,10184.5
25.0,stratified,random_forest,0.84,45,1,50,1150.0,9069.5,10219.5
25.0,stratified,random_forest,0.85,43,0,52,1075.0,10423.75,11498.75
25.0,stratified,random_forest,0.86,43,0,52,1075.0,10423.75,11498.75
25.0,stratified,random_forest,0.87,40,0,55,1000.0,10645.55,11645.55
25.0,stratified,random_forest,0.88,33,0,62,825.0,11198.77,12023.77
25.0,stratified,random_forest,0.89,27,0,68,675.0,12121.67,12796.67
25.0,stratified,random_forest,0.9,23,0,72,575.0,12967.16,13542.16
25.0,stratified,random_forest,0.91,22,0,73,550.0,12968.160000000002,13518.160000000002
25.0,stratified,random_forest,0.92,20,0,75,500.0,13034.16,13534.16
25.0,stratified,random_forest,0.93,19,0,76,475.0,13035.34,13510.34
25.0,stratified,random_forest,0.94,15,0,80,375.0,14024.470000000001,14399.470000000001
25.0,stratified,random_forest,0.95,12,0,83,300.0,14055.630000000001,14355.630000000001
25.0,stratified,random_forest,0.96,9,0,86,225.0,14147.039999999999,14372.039999999999
25.0,stratified,random_forest,0.97,7,0,88,175.0,14259.369999999999,14434.369999999999
25.0,stratified,random_forest,0.98,6,0,89,150.0,14260.369999999999,14410.369999999999
25.0,stratified,random_forest,0.99,3,0,92,75.0,14647.01,14722.01
2.0,stratified,logistic_regression,0.01,76,75,19,302.0,3781.34,4083.34
2.0,stratified,logistic_regression,0.02,75,38,20,226.0,4021.27,4247.27
2.0,stratified,logistic_regression,0.03,73,23,22,192.0,4030.27,4222.27
2.0,stratified,logistic_regression,0.04,72,18,23,180.0,4049.31,4229.3099999999995
2.0,stratified,logistic_regression,0.05,72,15,23,174.0,4049.31,4223.3099999999995
2.0,stratified,logistic_regression,0.06,72,15,23,174.0,4049.31,4223.3099999999995
2.0,stratified,logistic_regression,0.07,71,15,24,172.0,4051.5299999999997,4223.53
2.0,stratified,logistic_regression,0.08,70,15,25,170.0,4768.68,4938.68
2.0,stratified,logistic_regression,0.09,70,15,25,170.0,4768.68,4938.68
2.0,stratified,logistic_regression,0.1,70,15,25,170.0,4768.68,4938.68
2.0,stratified,logistic_regression,0.11,70,15,25,170.0,4768.68,4938.68
2.0,stratified,logistic_regression,0.12,70,14,25,168.0,4768.68,4936.68
2.0,stratified,logistic_regression,0.13,70,14,25,168.0,4768.68,4936.68
2.0,stratified,logistic_regression,0.14,70,14,25,168.0,4768.68,4936.68
2.0,stratified,logistic_regression,0.15,68,14,27,164.0,5631.2,5795.2
2.0,stratified,logistic_regression,0.16,66,14,29,160.0,5978.139999999999,6138.139999999999
2.0,stratified,logistic_regression,0.17,66,14,29,160.0,5978.139999999999,6138.139999999999
2.0,stratified,logistic_regression,0.18,65,13,30,156.0,5978.14,6134.14
2.0,stratified,logistic_regression,0.19,65,13,30,156.0,5978.14,6134.14
2.0,stratified,logistic_regression,0.2,64,13,31,154.0,5984.410000000001,6138.410000000001
2.0,stratified,logistic_regression,0.21,63,13,32,152.0,5985.41,6137.41
2.0,stratified,logistic_regression,0.22,63,13,32,152.0,5985.41,6137.41
2.0,stratified,logistic_regression,0.23,62,13,33,150.0,5997.72,6147.72
2.0,stratified,logistic_regression,0.24,62,13,33,150.0,5997.72,6147.72
2.0,stratified,logistic_regression,0.25,62,12,33,148.0,5997.72,6145.72
2.0,stratified,logistic_regression,0.26,62,12,33,148.0,5997.72,6145.72
2.0,stratified,logistic_regression,0.27,62,11,33,146.0,5997.72,6143.72
2.0,stratified,logistic_regression,0.28,62,11,33,146.0,5997.72,6143.72
2.0,stratified,logistic_regression,0.29,60,11,35,142.0,6333.83,6475.83
2.0,stratified,logistic_regression,0.3,58,11,37,138.0,8147.300000000001,8285.300000000001
2.0,stratified,logistic_regression,0.31,57,11,38,136.0,8748.03,8884.03
2.0,stratified,logistic_regression,0.32,57,11,38,136.0,8748.03,8884.03
2.0,stratified,logistic_regression,0.33,57,11,38,136.0,8748.03,8884.03
2.0,stratified,logistic_regression,0.34,57,11,38,136.0,8748.03,8884.03
2.0,stratified,logistic_regression,0.35,57,10,38,134.0,8748.03,8882.03
2.0,stratified,logistic_regression,0.36,57,10,38,134.0,8748.03,8882.03
2.0,stratified,logistic_regression,0.37,57,10,38,134.0,8748.03,8882.03
2.0,stratified,logistic_regression,0.38,57,10,38,134.0,8748.03,8882.03
2.0,stratified,logistic_regression,0.39,57,10,38,134.0,8748.03,8882.03
2.0,stratified,logistic_regression,0.4,57,10,38,134.0,8748.03,8882.03
2.0,stratified,logistic_regression,0.41,57,10,38,134.0,8748.03,8882.03
2.0,stratified,logistic_regression,0.42,57,10,38,134.0,8748.03,8882.03
2.0,stratified,logistic_regression,0.43,57,10,38,134.0,8748.03,8882.03
2.0,stratified,logistic_regression,0.44,57,10,38,134.0,8748.03,8882.03
2.0,stratified,logistic_regression,0.45,56,10,39,132.0,8748.71,8880.71
2.0,stratified,logistic_regression,0.46,54,10,41,128.0,10104.96,10232.96
2.0,stratified,logistic_regression,0.47,53,10,42,126.0,10366.18,10492.18
2.0,stratified,logistic_regression,0.48,53,10,42,126.0,10366.18,10492.18
2.0,stratified,logistic_regression,0.49,53,10,42,126.0,10366.18,10492.18
2.0,stratified,logistic_regression,0.5,53,9,42,124.0,10366.18,10490.18
2.0,stratified,logistic_regression,0.51,52,9,43,122.0,10401.179999999998,10523.179999999998
2.0,stratified,logistic_regression,0.52,51,9,44,120.0,10466.18,10586.18
2.0,stratified,logistic_regression,0.53,51,9,44,120.0,10466.18,10586.18
2.0,stratified,logistic_regression,0.54,50,9,45,118.0,10468.18,10586.18
2.0,stratified,logistic_regression,0.55,50,9,45,118.0,10468.18,10586.18
2.0,stratified,logistic_regression,0.56,50,9,45,118.0,10468.18,10586.18
2.0,stratified,logistic_regression,0.57,50,9,45,118.0,10468.18,10586.18
2.0,stratified,logistic_regression,0.58,50,9,45,118.0,10468.18,10586.18
2.0,stratified,logistic_regression,0.59,50,9,45,118.0,10468.18,10586.18
2.0,stratified,logistic_regression,0.6,50,9,45,118.0,10468.18,10586.18
2.0,stratified,logistic_regression,0.61,50,9,45,118.0,10468.18,10586.18
2.0,stratified,logistic_regression,0.62,49,9,46,116.0,10568.17,10684.17
2.0,stratified,logistic_regression,0.63,49,9,46,116.0,10568.17,10684.17
2.0,stratified,logistic_regression,0.64,49,9,46,116.0,10568.17,10684.17
2.0,stratified,logistic_regression,0.65,49,9,46,116.0,10568.17,10684.17
2.0,stratified,logistic_regression,0.66,49,9,46,116.0,10568.17,10684.17
2.0,stratified,logistic_regression,0.67,49,9,46,116.0,10568.17,10684.17
2.0,stratified,logistic_regression,0.68,49,9,46,116.0,10568.17,10684.17
2.0,stratified,logistic_regression,0.69,49,9,46,116.0,10568.17,10684.17
2.0,stratified,logistic_regression,0.7,48,9,47,114.0,10668.16,10782.16
2.0,stratified,logistic_regression,0.71,48,9,47,114.0,10668.16,10782.16
2.0,stratified,logistic_regression,0.72,48,9,47,114.0,10668.16,10782.16
2.0,stratified,logistic_regression,0.73,48,9,47,114.0,10668.16,10782.16
2.0,stratified,logistic_regression,0.74,48,9,47,114.0,10668.16,10782.16
2.0,stratified,logistic_regression,0.75,48,9,47,114.0,10668.16,10782.16
2.0,stratified,logistic_regression,0.76,48,9,47,114.0,10668.16,10782.16
2.0,stratified,logistic_regression,0.77,48,9,47,114.0,10668.16,10782.16
2.0,stratified,logistic_regression,0.78,47,9,48,112.0,10668.919999999998,10780.919999999998
2.0,stratified,logistic_regression,0.79,46,9,49,110.0,10669.92,10779.92
2.0,stratified,logistic_regression,0.8,46,9,49,110.0,10669.92,10779.92
2.0,stratified,logistic_regression,0.81,46,9,49,110.0,10669.92,10779.92
2.0,stratified,logistic_regression,0.82,45,9,50,108.0,10769.91,10877.91
2.0,stratified,logistic_regression,0.83,44,9,51,106.0,10775.820000000002,10881.820000000002
2.0,stratified,logistic_regression,0.84,44,9,51,106.0,10775.820000000002,10881.820000000002
2.0,stratified,logistic_regression,0.85,44,9,51,106.0,10775.820000000002,10881.820000000002
2.0,stratified,logistic_regression,0.86,44,9,51,106.0,10775.820000000002,10881.820000000002
2.0,stratified,logistic_regression,0.87,43,9,52,104.0,11503.73,11607.73
2.0,stratified,logistic_regression,0.88,42,9,53,102.0,11603.720000000001,11705.720000000001
2.0,stratified,logistic_regression,0.89,42,9,53,102.0,11603.720000000001,11705.720000000001
2.0,stratified,logistic_regression,0.9,42,9,53,102.0,11603.720000000001,11705.720000000001
2.0,stratified,logistic_regression,0.91,39,9,56,96.0,12554.37,12650.37
2.0,stratified,logistic_regression,0.92,39,9,56,96.0,12554.37,12650.37
2.0,stratified,logistic_regression,0.93,38,9,57,94.0,12587.96,12681.96
2.0,stratified,logistic_regression,0.94,37,9,58,92.0,13308.34,13400.34
2.0,stratified,logistic_regression,0.95,37,8,58,90.0,13308.34,13398.34
2.0,stratified,logistic_regression,0.96,36,7,59,86.0,13308.340000000002,13394.340000000002
2.0,stratified,logistic_regression,0.97,34,7,61,82.0,13409.33,13491.33
2.0,stratified,logistic_regression,0.98,29,7,66,72.0,13754.84,13826.84
2.0,stratified,logistic_regression,0.99,21,7,74,56.0,14017.26,14073.26
5.0,stratified,logistic_regression,0.01,76,75,19,755.0,3781.34,4536.34
5.0,stratified,logistic_regression,0.02,75,38,20,565.0,4021.27,4586.27
5.0,stratified,logistic_regression,0.03,73,23,22,480.0,4030.27,4510.27
5.0,stratified,logistic_regression,0.04,72,18,23,450.0,4049.31,4499.3099999999995
5.0,stratified,logistic_regression,0.05,72,15,23,435.0,4049.31,4484.3099999999995
5.0,stratified,logistic_regression,0.06,72,15,23,435.0,4049.31,4484.3099999999995
5.0,stratified,logistic_regression,0.07,71,15,24,430.0,4051.5299999999997,4481.53
5.0,stratified,logistic_regression,0.08,70,15,25,425.0,4768.68,5193.68
5.0,stratified,logistic_regression,0.09,70,15,25,425.0,4768.68,5193.68
5.0,stratified,logistic_regression,0.1,70,15,25,425.0,4768.68,5193.68
5.0,stratified,logistic_regression,0.11,70,15,25,425.0,4768.68,5193.68
5.0,stratified,logistic_regression,0.12,70,14,25,420.0,4768.68,5188.68
5.0,stratified,logistic_regression,0.13,70,14,25,420.0,4768.68,5188.68
5.0,stratified,logistic_regression,0.14,70,14,25,420.0,4768.68,5188.68
5.0,stratified,logistic_regression,0.15,68,14,27,410.0,5631.2,6041.2
5.0,stratified,logistic_regression,0.16,66,14,29,400.0,5978.139999999999,6378.139999999999
5.0,stratified,logistic_regression,0.17,66,14,29,400.0,5978.139999999999,6378.139999999999
5.0,stratified,logistic_regression,0.18,65,13,30,390.0,5978.14,6368.14
5.0,stratified,logistic_regression,0.19,65,13,30,390.0,5978.14,6368.14
5.0,stratified,logistic_regression,0.2,64,13,31,385.0,5984.410000000001,6369.410000000001
5.0,stratified,logistic_regression,0.21,63,13,32,380.0,5985.41,6365.41
5.0,stratified,logistic_regression,0.22,63,13,32,380.0,5985.41,6365.41
5.0,stratified,logistic_regression,0.23,62,13,33,375.0,5997.72,6372.72
5.0,stratified,logistic_regression,0.24,62,13,33,375.0,5997.72,6372.72
5.0,stratified,logistic_regression,0.25,62,12,33,370.0,5997.72,6367.72
5.0,stratified,logistic_regression,0.26,62,12,33,370.0,5997.72,6367.72
5.0,stratified,logistic_regression,0.27,62,11,33,365.0,5997.72,6362.72
5.0,stratified,logistic_regression,0.28,62,11,33,365.0,5997.72,6362.72
5.0,stratified,logistic_regression,0.29,60,11,35,355.0,6333.83,6688.83
5.0,stratified,logistic_regression,0.3,58,11,37,345.0,8147.300000000001,8492.300000000001
5.0,stratified,logistic_regression,0.31,57,11,38,340.0,8748.03,9088.03
5.0,stratified,logistic_regression,0.32,57,11,38,340.0,8748.03,9088.03
5.0,stratified,logistic_regression,0.33,57,11,38,340.0,8748.03,9088.03
5.0,stratified,logistic_regression,0.34,57,11,38,340.0,8748.03,9088.03
5.0,stratified,logistic_regression,0.35,57,10,38,335.0,8748.03,9083.03
5.0,stratified,logistic_regression,0.36,57,10,38,335.0,8748.03,9083.03
5.0,stratified,logistic_regression,0.37,57,10,38,335.0,8748.03,9083.03
5.0,stratified,logistic_regression,0.38,57,10,38,335.0,8748.03,9083.03
5.0,stratified,logistic_regression,0.39,57,10,38,335.0,8748.03,9083.03
5.0,stratified,logistic_regression,0.4,57,10,38,335.0,8748.03,9083.03
5.0,stratified,logistic_regression,0.41,57,10,38,335.0,8748.03,9083.03
5.0,stratified,logistic_regression,0.42,57,10,38,335.0,8748.03,9083.03
5.0,stratified,logistic_regression,0.43,57,10,38,335.0,8748.03,9083.03
5.0,stratified,logistic_regression,0.44,57,10,38,335.0,8748.03,9083.03
5.0,stratified,logistic_regression,0.45,56,10,39,330.0,8748.71,9078.71
5.0,stratified,logistic_regression,0.46,54,10,41,320.0,10104.96,10424.96
5.0,stratified,logistic_regression,0.47,53,10,42,315.0,10366.18,10681.18
5.0,stratified,logistic_regression,0.48,53,10,42,315.0,10366.18,10681.18
5.0,stratified,logistic_regression,0.49,53,10,42,315.0,10366.18,10681.18
5.0,stratified,logistic_regression,0.5,53,9,42,310.0,10366.18,10676.18
5.0,stratified,logistic_regression,0.51,52,9,43,305.0,10401.179999999998,10706.179999999998
5.0,stratified,logistic_regression,0.52,51,9,44,300.0,10466.18,10766.18
5.0,stratified,logistic_regression,0.53,51,9,44,300.0,10466.18,10766.18
5.0,stratified,logistic_regression,0.54,50,9,45,295.0,10468.18,10763.18
5.0,stratified,logistic_regression,0.55,50,9,45,295.0,10468.18,10763.18
5.0,stratified,logistic_regression,0.56,50,9,45,295.0,10468.18,10763.18
5.0,stratified,logistic_regression,0.57,50,9,45,295.0,10468.18,10763.18
5.0,stratified,logistic_regression,0.58,50,9,45,295.0,10468.18,10763.18
5.0,stratified,logistic_regression,0.59,50,9,45,295.0,10468.18,10763.18
5.0,stratified,logistic_regression,0.6,50,9,45,295.0,10468.18,10763.18
5.0,stratified,logistic_regression,0.61,50,9,45,295.0,10468.18,10763.18
5.0,stratified,logistic_regression,0.62,49,9,46,290.0,10568.17,10858.17
5.0,stratified,logistic_regression,0.63,49,9,46,290.0,10568.17,10858.17
5.0,stratified,logistic_regression,0.64,49,9,46,290.0,10568.17,10858.17
5.0,stratified,logistic_regression,0.65,49,9,46,290.0,10568.17,10858.17
5.0,stratified,logistic_regression,0.66,49,9,46,290.0,10568.17,10858.17
5.0,stratified,logistic_regression,0.67,49,9,46,290.0,10568.17,10858.17
5.0,stratified,logistic_regression,0.68,49,9,46,290.0,10568.17,10858.17
5.0,stratified,logistic_regression,0.69,49,9,46,290.0,10568.17,10858.17
5.0,stratified,logistic_regression,0.7,48,9,47,285.0,10668.16,10953.16
5.0,stratified,logistic_regression,0.71,48,9,47,285.0,10668.16,10953.16
5.0,stratified,logistic_regression,0.72,48,9,47,285.0,10668.16,10953.16
5.0,stratified,logistic_regression,0.73,48,9,47,285.0,10668.16,10953.16
5.0,stratified,logistic_regression,0.74,48,9,47,285.0,10668.16,10953.16
5.0,stratified,logistic_regression,0.75,48,9,47,285.0,10668.16,10953.16
5.0,stratified,logistic_regression,0.76,48,9,47,285.0,10668.16,10953.16
5.0,stratified,logistic_regression,0.77,48,9,47,285.0,10668.16,10953.16
5.0,stratified,logistic_regression,0.78,47,9,48,280.0,10668.919999999998,10948.919999999998
5.0,stratified,logistic_regression,0.79,46,9,49,275.0,10669.92,10944.92
5.0,stratified,logistic_regression,0.8,46,9,49,275.0,10669.92,10944.92
5.0,stratified,logistic_regression,0.81,46,9,49,275.0,10669.92,10944.92
5.0,stratified,logistic_regression,0.82,45,9,50,270.0,10769.91,11039.91
5.0,stratified,logistic_regression,0.83,44,9,51,265.0,10775.820000000002,11040.820000000002
5.0,stratified,logistic_regression,0.84,44,9,51,265.0,10775.820000000002,11040.820000000002
5.0,stratified,logistic_regression,0.85,44,9,51,265.0,10775.820000000002,11040.820000000002
5.0,stratified,logistic_regression,0.86,44,9,51,265.0,10775.820000000002,11040.820000000002
5.0,stratified,logistic_regression,0.87,43,9,52,260.0,11503.73,11763.73
5.0,stratified,logistic_regression,0.88,42,9,53,255.0,11603.720000000001,11858.720000000001
5.0,stratified,logistic_regression,0.89,42,9,53,255.0,11603.720000000001,11858.720000000001
5.0,stratified,logistic_regression,0.9,42,9,53,255.0,11603.720000000001,11858.720000000001
5.0,stratified,logistic_regression,0.91,39,9,56,240.0,12554.37,12794.37
5.0,stratified,logistic_regression,0.92,39,9,56,240.0,12554.37,12794.37
5.0,stratified,logistic_regression,0.93,38,9,57,235.0,12587.96,12822.96
5.0,stratified,logistic_regression,0.94,37,9,58,230.0,13308.34,13538.34
5.0,stratified,logistic_regression,0.95,37,8,58,225.0,13308.34,13533.34
5.0,stratified,logistic_regression,0.96,36,7,59,215.0,13308.340000000002,13523.340000000002
5.0,stratified,logistic_regression,0.97,34,7,61,205.0,13409.33,13614.33
5.0,stratified,logistic_regression,0.98,29,7,66,180.0,13754.84,13934.84
5.0,stratified,logistic_regression,0.99,21,7,74,140.0,14017.26,14157.26
10.0,stratified,logistic_regression,0.01,76,75,19,1510.0,3781.34,5291.34
10.0,stratified,logistic_regression,0.02,75,38,20,1130.0,4021.27,5151.27
10.0,stratified,logistic_regression,0.03,73,23,22,960.0,4030.27,4990.27
10.0,stratified,logistic_regression,0.04,72,18,23,900.0,4049.31,4949.3099999999995
10.0,stratified,logistic_regression,0.05,72,15,23,870.0,4049.31,4919.3099999999995
10.0,stratified,logistic_regression,0.06,72,15,23,870.0,4049.31,4919.3099999999995
10.0,stratified,logistic_regression,0.07,71,15,24,860.0,4051.5299999999997,4911.53
10.0,stratified,logistic_regression,0.08,70,15,25,850.0,4768.68,5618.68
10.0,stratified,logistic_regression,0.09,70,15,25,850.0,4768.68,5618.68
10.0,stratified,logistic_regression,0.1,70,15,25,850.0,4768.68,5618.68
10.0,stratified,logistic_regression,0.11,70,15,25,850.0,4768.68,5618.68
10.0,stratified,logistic_regression,0.12,70,14,25,840.0,4768.68,5608.68
10.0,stratified,logistic_regression,0.13,70,14,25,840.0,4768.68,5608.68
10.0,stratified,logistic_regression,0.14,70,14,25,840.0,4768.68,5608.68
10.0,stratified,logistic_regression,0.15,68,14,27,820.0,5631.2,6451.2
10.0,stratified,logistic_regression,0.16,66,14,29,800.0,5978.139999999999,6778.139999999999
10.0,stratified,logistic_regression,0.17,66,14,29,800.0,5978.139999999999,6778.139999999999
10.0,stratified,logistic_regression,0.18,65,13,30,780.0,5978.14,6758.14
10.0,stratified,logistic_regression,0.19,65,13,30,780.0,5978.14,6758.14
10.0,stratified,logistic_regression,0.2,64,13,31,770.0,5984.410000000001,6754.410000000001
10.0,stratified,logistic_regression,0.21,63,13,32,760.0,5985.41,6745.41
10.0,stratified,logistic_regression,0.22,63,13,32,760.0,5985.41,6745.41
10.0,stratified,logistic_regression,0.23,62,13,33,750.0,5997.72,6747.72
10.0,stratified,logistic_regression,0.24,62,13,33,750.0,5997.72,6747.72
10.0,stratified,logistic_regression,0.25,62,12,33,740.0,5997.72,6737.72
10.0,stratified,logistic_regression,0.26,62,12,33,740.0,5997.72,6737.72
10.0,stratified,logistic_regression,0.27,62,11,33,730.0,5997.72,6727.72
10.0,stratified,logistic_regression,0.28,62,11,33,730.0,5997.72,6727.72
10.0,stratified,logistic_regression,0.29,60,11,35,710.0,6333.83,7043.83
10.0,stratified,logistic_regression,0.3,58,11,37,690.0,8147.300000000001,8837.300000000001
10.0,stratified,logistic_regression,0.31,57,11,38,680.0,8748.03,9428.03
10.0,stratified,logistic_regression,0.32,57,11,38,680.0,8748.03,9428.03
10.0,stratified,logistic_regression,0.33,57,11,38,680.0,8748.03,9428.03
10.0,stratified,logistic_regression,0.34,57,11,38,680.0,8748.03,9428.03
10.0,stratified,logistic_regression,0.35,57,10,38,670.0,8748.03,9418.03
10.0,stratified,logistic_regression,0.36,57,10,38,670.0,8748.03,9418.03
10.0,stratified,logistic_regression,0.37,57,10,38,670.0,8748.03,9418.03
10.0,stratified,logistic_regression,0.38,57,10,38,670.0,8748.03,9418.03
10.0,stratified,logistic_regression,0.39,57,10,38,670.0,8748.03,9418.03
10.0,stratified,logistic_regression,0.4,57,10,38,670.0,8748.03,9418.03
10.0,stratified,logistic_regression,0.41,57,10,38,670.0,8748.03,9418.03
10.0,stratified,logistic_regression,0.42,57,10,38,670.0,8748.03,9418.03
10.0,stratified,logistic_regression,0.43,57,10,38,670.0,8748.03,9418.03
10.0,stratified,logistic_regression,0.44,57,10,38,670.0,8748.03,9418.03
10.0,stratified,logistic_regression,0.45,56,10,39,660.0,8748.71,9408.71
10.0,stratified,logistic_regression,0.46,54,10,41,640.0,10104.96,10744.96
10.0,stratified,logistic_regression,0.47,53,10,42,630.0,10366.18,10996.18
10.0,stratified,logistic_regression,0.48,53,10,42,630.0,10366.18,10996.18
10.0,stratified,logistic_regression,0.49,53,10,42,630.0,10366.18,10996.18
10.0,stratified,logistic_regression,0.5,53,9,42,620.0,10366.18,10986.18
10.0,stratified,logistic_regression,0.51,52,9,43,610.0,10401.179999999998,11011.179999999998
10.0,stratified,logistic_regression,0.52,51,9,44,600.0,10466.18,11066.18
10.0,stratified,logistic_regression,0.53,51,9,44,600.0,10466.18,11066.18
10.0,stratified,logistic_regression,0.54,50,9,45,590.0,10468.18,11058.18
10.0,stratified,logistic_regression,0.55,50,9,45,590.0,10468.18,11058.18
10.0,stratified,logistic_regression,0.56,50,9,45,590.0,10468.18,11058.18
10.0,stratified,logistic_regression,0.57,50,9,45,590.0,10468.18,11058.18
10.0,stratified,logistic_regression,0.58,50,9,45,590.0,10468.18,11058.18
10.0,stratified,logistic_regression,0.59,50,9,45,590.0,10468.18,11058.18
10.0,stratified,logistic_regression,0.6,50,9,45,590.0,10468.18,11058.18
10.0,stratified,logistic_regression,0.61,50,9,45,590.0,10468.18,11058.18
10.0,stratified,logistic_regression,0.62,49,9,46,580.0,10568.17,11148.17
10.0,stratified,logistic_regression,0.63,49,9,46,580.0,10568.17,11148.17
10.0,stratified,logistic_regression,0.64,49,9,46,580.0,10568.17,11148.17
10.0,stratified,logistic_regression,0.65,49,9,46,580.0,10568.17,11148.17
10.0,stratified,logistic_regression,0.66,49,9,46,580.0,10568.17,11148.17
10.0,stratified,logistic_regression,0.67,49,9,46,580.0,10568.17,11148.17
10.0,stratified,logistic_regression,0.68,49,9,46,580.0,10568.17,11148.17
10.0,stratified,logistic_regression,0.69,49,9,46,580.0,10568.17,11148.17
10.0,stratified,logistic_regression,0.7,48,9,47,570.0,10668.16,11238.16
10.0,stratified,logistic_regression,0.71,48,9,47,570.0,10668.16,11238.16
10.0,stratified,logistic_regression,0.72,48,9,47,570.0,10668.16,11238.16
10.0,stratified,logistic_regression,0.73,48,9,47,570.0,10668.16,11238.16
10.0,stratified,logistic_regression,0.74,48,9,47,570.0,10668.16,11238.16
10.0,stratified,logistic_regression,0.75,48,9,47,570.0,10668.16,11238.16
10.0,stratified,logistic_regression,0.76,48,9,47,570.0,10668.16,11238.16
10.0,stratified,logistic_regression,0.77,48,9,47,570.0,10668.16,11238.16
10.0,stratified,logistic_regression,0.78,47,9,48,560.0,10668.919999999998,11228.919999999998
10.0,stratified,logistic_regression,0.79,46,9,49,550.0,10669.92,11219.92
10.0,stratified,logistic_regression,0.8,46,9,49,550.0,10669.92,11219.92
10.0,stratified,logistic_regression,0.81,46,9,49,550.0,10669.92,11219.92
10.0,stratified,logistic_regression,0.82,45,9,50,540.0,10769.91,11309.91
10.0,stratified,logistic_regression,0.83,44,9,51,530.0,10775.820000000002,11305.820000000002
10.0,stratified,logistic_regression,0.84,44,9,51,530.0,10775.820000000002,11305.820000000002
10.0,stratified,logistic_regression,0.85,44,9,51,530.0,10775.820000000002,11305.820000000002
10.0,stratified,logistic_regression,0.86,44,9,51,530.0,10775.820000000002,11305.820000000002
10.0,stratified,logistic_regression,0.87,43,9,52,520.0,11503.73,12023.73
10.0,stratified,logistic_regression,0.88,42,9,53,510.0,11603.720000000001,12113.720000000001
10.0,stratified,logistic_regression,0.89,42,9,53,510.0,11603.720000000001,12113.720000000001
10.0,stratified,logistic_regression,0.9,42,9,53,510.0,11603.720000000001,12113.720000000001
10.0,stratified,logistic_regression,0.91,39,9,56,480.0,12554.37,13034.37
10.0,stratified,logistic_regression,0.92,39,9,56,480.0,12554.37,13034.37
10.0,stratified,logistic_regression,0.93,38,9,57,470.0,12587.96,13057.96
10.0,stratified,logistic_regression,0.94,37,9,58,460.0,13308.34,13768.34
10.0,stratified,logistic_regression,0.95,37,8,58,450.0,13308.34,13758.34
10.0,stratified,logistic_regression,0.96,36,7,59,430.0,13308.340000000002,13738.340000000002
10.0,stratified,logistic_regression,0.97,34,7,61,410.0,13409.33,13819.33
10.0,stratified,logistic_regression,0.98,29,7,66,360.0,13754.84,14114.84
10.0,stratified,logistic_regression,0.99,21,7,74,280.0,14017.26,14297.26
25.0,stratified,logistic_regression,0.01,76,75,19,3775.0,3781.34,7556.34
25.0,stratified,logistic_regression,0.02,75,38,20,2825.0,4021.27,6846.27
25.0,stratified,logistic_regression,0.03,73,23,22,2400.0,4030.27,6430.27
25.0,stratified,logistic_regression,0.04,72,18,23,2250.0,4049.31,6299.3099999999995
25.0,stratified,logistic_regression,0.05,72,15,23,2175.0,4049.31,6224.3099999999995
25.0,stratified,logistic_regression,0.06,72,15,23,2175.0,4049.31,6224.3099999999995
25.0,stratified,logistic_regression,0.07,71,15,24,2150.0,4051.5299999999997,6201.53
25.0,stratified,logistic_regression,0.08,70,15,25,2125.0,4768.68,6893.68
25.0,stratified,logistic_regression,0.09,70,15,25,2125.0,4768.68,6893.68
25.0,stratified,logistic_regression,0.1,70,15,25,2125.0,4768.68,6893.68
25.0,stratified,logistic_regression,0.11,70,15,25,2125.0,4768.68,6893.68
25.0,stratified,logistic_regression,0.12,70,14,25,2100.0,4768.68,6868.68
25.0,stratified,logistic_regression,0.13,70,14,25,2100.0,4768.68,6868.68
25.0,stratified,logistic_regression,0.14,70,14,25,2100.0,4768.68,6868.68
25.0,stratified,logistic_regression,0.15,68,14,27,2050.0,5631.2,7681.2
25.0,stratified,logistic_regression,0.16,66,14,29,2000.0,5978.139999999999,7978.139999999999
25.0,stratified,logistic_regression,0.17,66,14,29,2000.0,5978.139999999999,7978.139999999999
25.0,stratified,logistic_regression,0.18,65,13,30,1950.0,5978.14,7928.14
25.0,stratified,logistic_regression,0.19,65,13,30,1950.0,5978.14,7928.14
25.0,stratified,logistic_regression,0.2,64,13,31,1925.0,5984.410000000001,7909.410000000001
25.0,stratified,logistic_regression,0.21,63,13,32,1900.0,5985.41,7885.41
25.0,stratified,logistic_regression,0.22,63,13,32,1900.0,5985.41,7885.41
25.0,stratified,logistic_regression,0.23,62,13,33,1875.0,5997.72,7872.72
25.0,stratified,logistic_regression,0.24,62,13,33,1875.0,5997.72,7872.72
25.0,stratified,logistic_regression,0.25,62,12,33,1850.0,5997.72,7847.72
25.0,stratified,logistic_regression,0.26,62,12,33,1850.0,5997.72,7847.72
25.0,stratified,logistic_regression,0.27,62,11,33,1825.0,5997.72,7822.72
25.0,stratified,logistic_regression,0.28,62,11,33,1825.0,5997.72,7822.72
25.0,stratified,logistic_regression,0.29,60,11,35,1775.0,6333.83,8108.83
25.0,stratified,logistic_regression,0.3,58,11,37,1725.0,8147.300000000001,9872.300000000001
25.0,stratified,logistic_regression,0.31,57,11,38,1700.0,8748.03,10448.03
25.0,stratified,logistic_regression,0.32,57,11,38,1700.0,8748.03,10448.03
25.0,stratified,logistic_regression,0.33,57,11,38,1700.0,8748.03,10448.03
25.0,stratified,logistic_regression,0.34,57,11,38,1700.0,8748.03,10448.03
25.0,stratified,logistic_regression,0.35,57,10,38,1675.0,8748.03,10423.03
25.0,stratified,logistic_regression,0.36,57,10,38,1675.0,8748.03,10423.03
25.0,stratified,logistic_regression,0.37,57,10,38,1675.0,8748.03,10423.03
25.0,stratified,logistic_regression,0.38,57,10,38,1675.0,8748.03,10423.03
25.0,stratified,logistic_regression,0.39,57,10,38,1675.0,8748.03,10423.03
25.0,stratified,logistic_regression,0.4,57,10,38,1675.0,8748.03,10423.03
25.0,stratified,logistic_regression,0.41,57,10,38,1675.0,8748.03,10423.03
25.0,stratified,logistic_regression,0.42,57,10,38,1675.0,8748.03,10423.03
25.0,stratified,logistic_regression,0.43,57,10,38,1675.0,8748.03,10423.03
25.0,stratified,logistic_regression,0.44,57,10,38,1675.0,8748.03,10423.03
25.0,stratified,logistic_regression,0.45,56,10,39,1650.0,8748.71,10398.71
25.0,stratified,logistic_regression,0.46,54,10,41,1600.0,10104.96,11704.96
25.0,stratified,logistic_regression,0.47,53,10,42,1575.0,10366.18,11941.18
25.0,stratified,logistic_regression,0.48,53,10,42,1575.0,10366.18,11941.18
25.0,stratified,logistic_regression,0.49,53,10,42,1575.0,10366.18,11941.18
25.0,stratified,logistic_regression,0.5,53,9,42,1550.0,10366.18,11916.18
25.0,stratified,logistic_regression,0.51,52,9,43,1525.0,10401.179999999998,11926.179999999998
25.0,stratified,logistic_regression,0.52,51,9,44,1500.0,10466.18,11966.18
25.0,stratified,logistic_regression,0.53,51,9,44,1500.0,10466.18,11966.18
25.0,stratified,logistic_regression,0.54,50,9,45,1475.0,10468.18,11943.18
25.0,stratified,logistic_regression,0.55,50,9,45,1475.0,10468.18,11943.18
25.0,stratified,logistic_regression,0.56,50,9,45,1475.0,10468.18,11943.18
25.0,stratified,logistic_regression,0.57,50,9,45,1475.0,10468.18,11943.18
25.0,stratified,logistic_regression,0.58,50,9,45,1475.0,10468.18,11943.18
25.0,stratified,logistic_regression,0.59,50,9,45,1475.0,10468.18,11943.18
25.0,stratified,logistic_regression,0.6,50,9,45,1475.0,10468.18,11943.18
25.0,stratified,logistic_regression,0.61,50,9,45,1475.0,10468.18,11943.18
25.0,stratified,logistic_regression,0.62,49,9,46,1450.0,10568.17,12018.17
25.0,stratified,logistic_regression,0.63,49,9,46,1450.0,10568.17,12018.17
25.0,stratified,logistic_regression,0.64,49,9,46,1450.0,10568.17,12018.17
25.0,stratified,logistic_regression,0.65,49,9,46,1450.0,10568.17,12018.17
25.0,stratified,logistic_regression,0.66,49,9,46,1450.0,10568.17,12018.17
25.0,stratified,logistic_regression,0.67,49,9,46,1450.0,10568.17,12018.17
25.0,stratified,logistic_regression,0.68,49,9,46,1450.0,10568.17,12018.17
25.0,stratified,logistic_regression,0.69,49,9,46,1450.0,10568.17,12018.17
25.0,stratified,logistic_regression,0.7,48,9,47,1425.0,10668.16,12093.16
25.0,stratified,logistic_regression,0.71,48,9,47,1425.0,10668.16,12093.16
25.0,stratified,logistic_regression,0.72,48,9,47,1425.0,10668.16,12093.16
25.0,stratified,logistic_regression,0.73,48,9,47,1425.0,10668.16,12093.16
25.0,stratified,logistic_regression,0.74,48,9,47,1425.0,10668.16,12093.16
25.0,stratified,logistic_regression,0.75,48,9,47,1425.0,10668.16,12093.16
25.0,stratified,logistic_regression,0.76,48,9,47,1425.0,10668.16,12093.16
25.0,stratified,logistic_regression,0.77,48,9,47,1425.0,10668.16,12093.16
25.0,stratified,logistic_regression,0.78,47,9,48,1400.0,10668.919999999998,12068.919999999998
25.0,stratified,logistic_regression,0.79,46,9,49,1375.0,10669.92,12044.92
25.0,stratified,logistic_regression,0.8,46,9,49,1375.0,10669.92,12044.92
25.0,stratified,logistic_regression,0.81,46,9,49,1375.0,10669.92,12044.92
25.0,stratified,logistic_regression,0.82,45,9,50,1350.0,10769.91,12119.91
25.0,stratified,logistic_regression,0.83,44,9,51,1325.0,10775.820000000002,12100.820000000002
25.0,stratified,logistic_regression,0.84,44,9,51,1325.0,10775.820000000002,12100.820000000002
25.0,stratified,logistic_regression,0.85,44,9,51,1325.0,10775.820000000002,12100.820000000002
25.0,stratified,logistic_regression,0.86,44,9,51,1325.0,10775.820000000002,12100.820000000002
25.0,stratified,logistic_regression,0.87,43,9,52,1300.0,11503.73,12803.73
25.0,stratified,logistic_regression,0.88,42,9,53,1275.0,11603.720000000001,12878.720000000001
25.0,stratified,logistic_regression,0.89,42,9,53,1275.0,11603.720000000001,12878.720000000001
25.0,stratified,logistic_regression,0.9,42,9,53,1275.0,11603.720000000001,12878.720000000001
25.0,stratified,logistic_regression,0.91,39,9,56,1200.0,12554.37,13754.37
25.0,stratified,logistic_regression,0.92,39,9,56,1200.0,12554.37,13754.37
25.0,stratified,logistic_regression,0.93,38,9,57,1175.0,12587.96,13762.96
25.0,stratified,logistic_regression,0.94,37,9,58,1150.0,13308.34,14458.34
25.0,stratified,logistic_regression,0.95,37,8,58,1125.0,13308.34,14433.34
25.0,stratified,logistic_regression,0.96,36,7,59,1075.0,13308.340000000002,14383.340000000002
25.0,stratified,logistic_regression,0.97,34,7,61,1025.0,13409.33,14434.33
25.0,stratified,logistic_regression,0.98,29,7,66,900.0,13754.84,14654.84
25.0,stratified,logistic_regression,0.99,21,7,74,700.0,14017.26,14717.26
2.0,stratified,dnn,0.01,76,39,19,230.0,3785.79,4015.79
2.0,stratified,dnn,0.02,75,24,20,198.0,3786.5499999999997,3984.5499999999997
2.0,stratified,dnn,0.03,74,17,21,182.0,3788.7699999999995,3970.7699999999995
2.0,stratified,dnn,0.04,74,14,21,176.0,3788.7699999999995,3964.7699999999995
2.0,stratified,dnn,0.05,73,11,22,168.0,3792.56,3960.56
2.0,stratified,dnn,0.06,73,11,22,168.0,3792.56,3960.56
2.0,stratified,dnn,0.07,73,11,22,168.0,3792.56,3960.56
2.0,stratified,dnn,0.08,73,9,22,164.0,3792.56,3956.56
2.0,stratified,dnn,0.09,72,8,23,160.0,3804.8699999999994,3964.8699999999994
2.0,stratified,dnn,0.1,71,8,24,158.0,4044.8,4202.8
2.0,stratified,dnn,0.11,71,8,24,158.0,4044.8,4202.8
2.0,stratified,dnn,0.12,71,8,24,158.0,4044.8,4202.8
2.0,stratified,dnn,0.13,71,8,24,158.0,4044.8,4202.8
2.0,stratified,dnn,0.14,71,7,24,156.0,4044.8,4200.8
2.0,stratified,dnn,0.15,71,6,24,154.0,4044.8,4198.8
2.0,stratified,dnn,0.16,71,5,24,152.0,4044.8,4196.8
2.0,stratified,dnn,0.17,71,5,24,152.0,4044.8,4196.8
2.0,stratified,dnn,0.18,71,4,24,150.0,4044.8,4194.8
2.0,stratified,dnn,0.19,71,4,24,150.0,4044.8,4194.8
2.0,stratified,dnn,0.2,70,4,25,148.0,4144.79,4292.79
2.0,stratified,dnn,0.21,70,4,25,148.0,4144.79,4292.79
2.0,stratified,dnn,0.22,69,3,26,144.0,4244.78,4388.78
2.0,stratified,dnn,0.23,68,3,27,142.0,4344.77,4486.77
2.0,stratified,dnn,0.24,68,3,27,142.0,4344.77,4486.77
2.0,stratified,dnn,0.25,68,3,27,142.0,4344.77,4486.77
2.0,stratified,dnn,0.26,67,3,28,140.0,4409.77,4549.77
2.0,stratified,dnn,0.27,67,3,28,140.0,4409.77,4549.77
2.0,stratified,dnn,0.28,66,3,29,138.0,4509.76,4647.76
2.0,stratified,dnn,0.29,65,2,30,134.0,4510.76,4644.76
2.0,stratified,dnn,0.3,65,2,30,134.0,4510.76,4644.76
2.0,stratified,dnn,0.31,64,2,31,132.0,4511.76,4643.76
2.0,stratified,dnn,0.32,64,2,31,132.0,4511.76,4643.76
2.0,stratified,dnn,0.33,63,2,32,130.0,4611.75,4741.75
2.0,stratified,dnn,0.34,62,2,33,128.0,4629.75,4757.75
2.0,stratified,dnn,0.35,62,2,33,128.0,4629.75,4757.75
2.0,stratified,dnn,0.36,62,2,33,128.0,4629.75,4757.75
2.0,stratified,dnn,0.37,62,2,33,128.0,4629.75,4757.75
2.0,stratified,dnn,0.38,61,2,34,126.0,4636.02,4762.02
2.0,stratified,dnn,0.39,61,2,34,126.0,4636.02,4762.02
2.0,stratified,dnn,0.4,59,1,36,120.0,4713.96,4833.96
2.0,stratified,dnn,0.41,58,1,37,118.0,4773.96,4891.96
2.0,stratified,dnn,0.42,58,1,37,118.0,4773.96,4891.96
2.0,stratified,dnn,0.43,58,1,37,118.0,4773.96,4891.96
2.0,stratified,dnn,0.44,58,1,37,118.0,4773.96,4891.96
2.0,stratified,dnn,0.45,56,1,39,114.0,5305.18,5419.18
2.0,stratified,dnn,0.46,56,0,39,112.0,5305.18,5417.18
2.0,stratified,dnn,0.47,56,0,39,112.0,5305.18,5417.18
2.0,stratified,dnn,0.48,56,0,39,112.0,5305.18,5417.18
2.0,stratified,dnn,0.49,55,0,40,110.0,5324.219999999999,5434.219999999999
2.0,stratified,dnn,0.5,55,0,40,110.0,5324.219999999999,5434.219999999999
2.0,stratified,dnn,0.51,55,0,40,110.0,5324.219999999999,5434.219999999999
2.0,stratified,dnn,0.52,55,0,40,110.0,5324.219999999999,5434.219999999999
2.0,stratified,dnn,0.53,55,0,40,110.0,5324.219999999999,5434.219999999999
2.0,stratified,dnn,0.54,55,0,40,110.0,5324.219999999999,5434.219999999999
2.0,stratified,dnn,0.55,53,0,42,106.0,7133.900000000001,7239.900000000001
2.0,stratified,dnn,0.56,51,0,44,102.0,7259.43,7361.43
2.0,stratified,dnn,0.57,47,0,48,94.0,8583.98,8677.98
2.0,stratified,dnn,0.58,47,0,48,94.0,8583.98,8677.98
2.0,stratified,dnn,0.59,46,0,49,92.0,9938.23,10030.23
2.0,stratified,dnn,0.6,45,0,50,90.0,10038.130000000001,10128.130000000001
2.0,stratified,dnn,0.61,43,0,52,86.0,10841.650000000001,10927.650000000001
2.0,stratified,dnn,0.62,42,0,53,84.0,11159.76,11243.76
2.0,stratified,dnn,0.63,40,0,55,80.0,11165.55,11245.55
2.0,stratified,dnn,0.64,40,0,55,80.0,11165.55,11245.55
2.0,stratified,dnn,0.65,40,0,55,80.0,11165.55,11245.55
2.0,stratified,dnn,0.66,40,0,55,80.0,11165.55,11245.55
2.0,stratified,dnn,0.67,39,0,56,78.0,11166.230000000001,11244.230000000001
2.0,stratified,dnn,0.68,39,0,56,78.0,11166.230000000001,11244.230000000001
2.0,stratified,dnn,0.69,39,0,56,78.0,11166.230000000001,11244.230000000001
2.0,stratified,dnn,0.7,39,0,56,78.0,11166.230000000001,11244.230000000001
2.0,stratified,dnn,0.71,36,0,59,72.0,12049.68,12121.68
2.0,stratified,dnn,0.72,36,0,59,72.0,12049.68,12121.68
2.0,stratified,dnn,0.73,33,0,62,66.0,12383.810000000001,12449.810000000001
2.0,stratified,dnn,0.74,33,0,62,66.0,12383.810000000001,12449.810000000001
2.0,stratified,dnn,0.75,33,0,62,66.0,12383.810000000001,12449.810000000001
2.0,stratified,dnn,0.76,31,0,64,62.0,12459.670000000002,12521.670000000002
2.0,stratified,dnn,0.77,31,0,64,62.0,12459.670000000002,12521.670000000002
2.0,stratified,dnn,0.78,31,0,64,62.0,12459.670000000002,12521.670000000002
2.0,stratified,dnn,0.79,31,0,64,62.0,12459.670000000002,12521.670000000002
2.0,stratified,dnn,0.8,31,0,64,62.0,12459.670000000002,12521.670000000002
2.0,stratified,dnn,0.81,29,0,66,58.0,13286.95,13344.95
2.0,stratified,dnn,0.82,27,0,68,54.0,14011.34,14065.34
2.0,stratified,dnn,0.83,25,0,70,50.0,14012.349999999999,14062.349999999999
2.0,stratified,dnn,0.84,24,0,71,48.0,14013.35,14061.35
2.0,stratified,dnn,0.85,22,0,73,44.0,14014.35,14058.35
2.0,stratified,dnn,0.86,19,0,76,38.0,14046.74,14084.74
2.0,stratified,dnn,0.87,17,0,78,34.0,14047.51,14081.51
2.0,stratified,dnn,0.88,16,0,79,32.0,14048.19,14080.19
2.0,stratified,dnn,0.89,15,0,80,30.0,14049.189999999999,14079.189999999999
2.0,stratified,dnn,0.9,15,0,80,30.0,14049.189999999999,14079.189999999999
2.0,stratified,dnn,0.91,12,0,83,24.0,14095.86,14119.86
2.0,stratified,dnn,0.92,11,0,84,22.0,14129.45,14151.45
2.0,stratified,dnn,0.93,10,0,85,20.0,14129.449999999999,14149.449999999999
2.0,stratified,dnn,0.94,9,0,86,18.0,14174.96,14192.96
2.0,stratified,dnn,0.95,9,0,86,18.0,14174.96,14192.96
2.0,stratified,dnn,0.96,9,0,86,18.0,14174.96,14192.96
2.0,stratified,dnn,0.97,7,0,88,14.0,14331.189999999999,14345.189999999999
2.0,stratified,dnn,0.98,5,0,90,10.0,14436.349999999999,14446.349999999999
2.0,stratified,dnn,0.99,2,0,93,4.0,14764.31,14768.31
5.0,stratified,dnn,0.01,76,39,19,575.0,3785.79,4360.79
5.0,stratified,dnn,0.02,75,24,20,495.0,3786.5499999999997,4281.549999999999
5.0,stratified,dnn,0.03,74,17,21,455.0,3788.7699999999995,4243.7699999999995
5.0,stratified,dnn,0.04,74,14,21,440.0,3788.7699999999995,4228.7699999999995
5.0,stratified,dnn,0.05,73,11,22,420.0,3792.56,4212.5599999999995
5.0,stratified,dnn,0.06,73,11,22,420.0,3792.56,4212.5599999999995
5.0,stratified,dnn,0.07,73,11,22,420.0,3792.56,4212.5599999999995
5.0,stratified,dnn,0.08,73,9,22,410.0,3792.56,4202.5599999999995
5.0,stratified,dnn,0.09,72,8,23,400.0,3804.8699999999994,4204.869999999999
5.0,stratified,dnn,0.1,71,8,24,395.0,4044.8,4439.8
5.0,stratified,dnn,0.11,71,8,24,395.0,4044.8,4439.8
5.0,stratified,dnn,0.12,71,8,24,395.0,4044.8,4439.8
5.0,stratified,dnn,0.13,71,8,24,395.0,4044.8,4439.8
5.0,stratified,dnn,0.14,71,7,24,390.0,4044.8,4434.8
5.0,stratified,dnn,0.15,71,6,24,385.0,4044.8,4429.8
5.0,stratified,dnn,0.16,71,5,24,380.0,4044.8,4424.8
5.0,stratified,dnn,0.17,71,5,24,380.0,4044.8,4424.8
5.0,stratified,dnn,0.18,71,4,24,375.0,4044.8,4419.8
5.0,stratified,dnn,0.19,71,4,24,375.0,4044.8,4419.8
5.0,stratified,dnn,0.2,70,4,25,370.0,4144.79,4514.79
5.0,stratified,dnn,0.21,70,4,25,370.0,4144.79,4514.79
5.0,stratified,dnn,0.22,69,3,26,360.0,4244.78,4604.78
5.0,stratified,dnn,0.23,68,3,27,355.0,4344.77,4699.77
5.0,stratified,dnn,0.24,68,3,27,355.0,4344.77,4699.77
5.0,stratified,dnn,0.25,68,3,27,355.0,4344.77,4699.77
5.0,stratified,dnn,0.26,67,3,28,350.0,4409.77,4759.77
5.0,stratified,dnn,0.27,67,3,28,350.0,4409.77,4759.77
5.0,stratified,dnn,0.28,66,3,29,345.0,4509.76,4854.76
5.0,stratified,dnn,0.29,65,2,30,335.0,4510.76,4845.76
5.0,stratified,dnn,0.3,65,2,30,335.0,4510.76,4845.76
5.0,stratified,dnn,0.31,64,2,31,330.0,4511.76,4841.76
5.0,stratified,dnn,0.32,64,2,31,330.0,4511.76,4841.76
5.0,stratified,dnn,0.33,63,2,32,325.0,4611.75,4936.75
5.0,stratified,dnn,0.34,62,2,33,320.0,4629.75,4949.75
5.0,stratified,dnn,0.35,62,2,33,320.0,4629.75,4949.75
5.0,stratified,dnn,0.36,62,2,33,320.0,4629.75,4949.75
5.0,stratified,dnn,0.37,62,2,33,320.0,4629.75,4949.75
5.0,stratified,dnn,0.38,61,2,34,315.0,4636.02,4951.02
5.0,stratified,dnn,0.39,61,2,34,315.0,4636.02,4951.02
5.0,stratified,dnn,0.4,59,1,36,300.0,4713.96,5013.96
5.0,stratified,dnn,0.41,58,1,37,295.0,4773.96,5068.96
5.0,stratified,dnn,0.42,58,1,37,295.0,4773.96,5068.96
5.0,stratified,dnn,0.43,58,1,37,295.0,4773.96,5068.96
5.0,stratified,dnn,0.44,58,1,37,295.0,4773.96,5068.96
5.0,stratified,dnn,0.45,56,1,39,285.0,5305.18,5590.18
5.0,stratified,dnn,0.46,56,0,39,280.0,5305.18,5585.18
5.0,stratified,dnn,0.47,56,0,39,280.0,5305.18,5585.18
5.0,stratified,dnn,0.48,56,0,39,280.0,5305.18,5585.18
5.0,stratified,dnn,0.49,55,0,40,275.0,5324.219999999999,5599.219999999999
5.0,stratified,dnn,0.5,55,0,40,275.0,5324.219999999999,5599.219999999999
5.0,stratified,dnn,0.51,55,0,40,275.0,5324.219999999999,5599.219999999999
5.0,stratified,dnn,0.52,55,0,40,275.0,5324.219999999999,5599.219999999999
5.0,stratified,dnn,0.53,55,0,40,275.0,5324.219999999999,5599.219999999999
5.0,stratified,dnn,0.54,55,0,40,275.0,5324.219999999999,5599.219999999999
5.0,stratified,dnn,0.55,53,0,42,265.0,7133.900000000001,7398.900000000001
5.0,stratified,dnn,0.56,51,0,44,255.0,7259.43,7514.43
5.0,stratified,dnn,0.57,47,0,48,235.0,8583.98,8818.98
5.0,stratified,dnn,0.58,47,0,48,235.0,8583.98,8818.98
5.0,stratified,dnn,0.59,46,0,49,230.0,9938.23,10168.23
5.0,stratified,dnn,0.6,45,0,50,225.0,10038.130000000001,10263.130000000001
5.0,stratified,dnn,0.61,43,0,52,215.0,10841.650000000001,11056.650000000001
5.0,stratified,dnn,0.62,42,0,53,210.0,11159.76,11369.76
5.0,stratified,dnn,0.63,40,0,55,200.0,11165.55,11365.55
5.0,stratified,dnn,0.64,40,0,55,200.0,11165.55,11365.55
5.0,stratified,dnn,0.65,40,0,55,200.0,11165.55,11365.55
5.0,stratified,dnn,0.66,40,0,55,200.0,11165.55,11365.55
5.0,stratified,dnn,0.67,39,0,56,195.0,11166.230000000001,11361.230000000001
5.0,stratified,dnn,0.68,39,0,56,195.0,11166.230000000001,11361.230000000001
5.0,stratified,dnn,0.69,39,0,56,195.0,11166.230000000001,11361.230000000001
5.0,stratified,dnn,0.7,39,0,56,195.0,11166.230000000001,11361.230000000001
5.0,stratified,dnn,0.71,36,0,59,180.0,12049.68,12229.68
5.0,stratified,dnn,0.72,36,0,59,180.0,12049.68,12229.68
5.0,stratified,dnn,0.73,33,0,62,165.0,12383.810000000001,12548.810000000001
5.0,stratified,dnn,0.74,33,0,62,165.0,12383.810000000001,12548.810000000001
5.0,stratified,dnn,0.75,33,0,62,165.0,12383.810000000001,12548.810000000001
5.0,stratified,dnn,0.76,31,0,64,155.0,12459.670000000002,12614.670000000002
5.0,stratified,dnn,0.77,31,0,64,155.0,12459.670000000002,12614.670000000002
5.0,stratified,dnn,0.78,31,0,64,155.0,12459.670000000002,12614.670000000002
5.0,stratified,dnn,0.79,31,0,64,155.0,12459.670000000002,12614.670000000002
5.0,stratified,dnn,0.8,31,0,64,155.0,12459.670000000002,12614.670000000002
5.0,stratified,dnn,0.81,29,0,66,145.0,13286.95,13431.95
5.0,stratified,dnn,0.82,27,0,68,135.0,14011.34,14146.34
5.0,stratified,dnn,0.83,25,0,70,125.0,14012.349999999999,14137.349999999999
5.0,stratified,dnn,0.84,24,0,71,120.0,14013.35,14133.35
5.0,stratified,dnn,0.85,22,0,73,110.0,14014.35,14124.35
5.0,stratified,dnn,0.86,19,0,76,95.0,14046.74,14141.74
5.0,stratified,dnn,0.87,17,0,78,85.0,14047.51,14132.51
5.0,stratified,dnn,0.88,16,0,79,80.0,14048.19,14128.19
5.0,stratified,dnn,0.89,15,0,80,75.0,14049.189999999999,14124.189999999999
5.0,stratified,dnn,0.9,15,0,80,75.0,14049.189999999999,14124.189999999999
5.0,stratified,dnn,0.91,12,0,83,60.0,14095.86,14155.86
5.0,stratified,dnn,0.92,11,0,84,55.0,14129.45,14184.45
5.0,stratified,dnn,0.93,10,0,85,50.0,14129.449999999999,14179.449999999999
5.0,stratified,dnn,0.94,9,0,86,45.0,14174.96,14219.96
5.0,stratified,dnn,0.95,9,0,86,45.0,14174.96,14219.96
5.0,stratified,dnn,0.96,9,0,86,45.0,14174.96,14219.96
5.0,stratified,dnn,0.97,7,0,88,35.0,14331.189999999999,14366.189999999999
5.0,stratified,dnn,0.98,5,0,90,25.0,14436.349999999999,14461.349999999999
5.0,stratified,dnn,0.99,2,0,93,10.0,14764.31,14774.31
10.0,stratified,dnn,0.01,76,39,19,1150.0,3785.79,4935.79
10.0,stratified,dnn,0.02,75,24,20,990.0,3786.5499999999997,4776.549999999999
10.0,stratified,dnn,0.03,74,17,21,910.0,3788.7699999999995,4698.7699999999995
10.0,stratified,dnn,0.04,74,14,21,880.0,3788.7699999999995,4668.7699999999995
10.0,stratified,dnn,0.05,73,11,22,840.0,3792.56,4632.5599999999995
10.0,stratified,dnn,0.06,73,11,22,840.0,3792.56,4632.5599999999995
10.0,stratified,dnn,0.07,73,11,22,840.0,3792.56,4632.5599999999995
10.0,stratified,dnn,0.08,73,9,22,820.0,3792.56,4612.5599999999995
10.0,stratified,dnn,0.09,72,8,23,800.0,3804.8699999999994,4604.869999999999
10.0,stratified,dnn,0.1,71,8,24,790.0,4044.8,4834.8
10.0,stratified,dnn,0.11,71,8,24,790.0,4044.8,4834.8
10.0,stratified,dnn,0.12,71,8,24,790.0,4044.8,4834.8
10.0,stratified,dnn,0.13,71,8,24,790.0,4044.8,4834.8
10.0,stratified,dnn,0.14,71,7,24,780.0,4044.8,4824.8
10.0,stratified,dnn,0.15,71,6,24,770.0,4044.8,4814.8
10.0,stratified,dnn,0.16,71,5,24,760.0,4044.8,4804.8
10.0,stratified,dnn,0.17,71,5,24,760.0,4044.8,4804.8
10.0,stratified,dnn,0.18,71,4,24,750.0,4044.8,4794.8
10.0,stratified,dnn,0.19,71,4,24,750.0,4044.8,4794.8
10.0,stratified,dnn,0.2,70,4,25,740.0,4144.79,4884.79
10.0,stratified,dnn,0.21,70,4,25,740.0,4144.79,4884.79
10.0,stratified,dnn,0.22,69,3,26,720.0,4244.78,4964.78
10.0,stratified,dnn,0.23,68,3,27,710.0,4344.77,5054.77
10.0,stratified,dnn,0.24,68,3,27,710.0,4344.77,5054.77
10.0,stratified,dnn,0.25,68,3,27,710.0,4344.77,5054.77
10.0,stratified,dnn,0.26,67,3,28,700.0,4409.77,5109.77
10.0,stratified,dnn,0.27,67,3,28,700.0,4409.77,5109.77
10.0,stratified,dnn,0.28,66,3,29,690.0,4509.76,5199.76
10.0,stratified,dnn,0.29,65,2,30,670.0,4510.76,5180.76
10.0,stratified,dnn,0.3,65,2,30,670.0,4510.76,5180.76
10.0,stratified,dnn,0.31,64,2,31,660.0,4511.76,5171.76
10.0,stratified,dnn,0.32,64,2,31,660.0,4511.76,5171.76
10.0,stratified,dnn,0.33,63,2,32,650.0,4611.75,5261.75
10.0,stratified,dnn,0.34,62,2,33,640.0,4629.75,5269.75
10.0,stratified,dnn,0.35,62,2,33,640.0,4629.75,5269.75
10.0,stratified,dnn,0.36,62,2,33,640.0,4629.75,5269.75
10.0,stratified,dnn,0.37,62,2,33,640.0,4629.75,5269.75
10.0,stratified,dnn,0.38,61,2,34,630.0,4636.02,5266.02
10.0,stratified,dnn,0.39,61,2,34,630.0,4636.02,5266.02
10.0,stratified,dnn,0.4,59,1,36,600.0,4713.96,5313.96
10.0,stratified,dnn,0.41,58,1,37,590.0,4773.96,5363.96
10.0,stratified,dnn,0.42,58,1,37,590.0,4773.96,5363.96
10.0,stratified,dnn,0.43,58,1,37,590.0,4773.96,5363.96
10.0,stratified,dnn,0.44,58,1,37,590.0,4773.96,5363.96
10.0,stratified,dnn,0.45,56,1,39,570.0,5305.18,5875.18
10.0,stratified,dnn,0.46,56,0,39,560.0,5305.18,5865.18
10.0,stratified,dnn,0.47,56,0,39,560.0,5305.18,5865.18
10.0,stratified,dnn,0.48,56,0,39,560.0,5305.18,5865.18
10.0,stratified,dnn,0.49,55,0,40,550.0,5324.219999999999,5874.219999999999
10.0,stratified,dnn,0.5,55,0,40,550.0,5324.219999999999,5874.219999999999
10.0,stratified,dnn,0.51,55,0,40,550.0,5324.219999999999,5874.219999999999
10.0,stratified,dnn,0.52,55,0,40,550.0,5324.219999999999,5874.219999999999
10.0,stratified,dnn,0.53,55,0,40,550.0,5324.219999999999,5874.219999999999
10.0,stratified,dnn,0.54,55,0,40,550.0,5324.219999999999,5874.219999999999
10.0,stratified,dnn,0.55,53,0,42,530.0,7133.900000000001,7663.900000000001
10.0,stratified,dnn,0.56,51,0,44,510.0,7259.43,7769.43
10.0,stratified,dnn,0.57,47,0,48,470.0,8583.98,9053.98
10.0,stratified,dnn,0.58,47,0,48,470.0,8583.98,9053.98
10.0,stratified,dnn,0.59,46,0,49,460.0,9938.23,10398.23
10.0,stratified,dnn,0.6,45,0,50,450.0,10038.130000000001,10488.130000000001
10.0,stratified,dnn,0.61,43,0,52,430.0,10841.650000000001,11271.650000000001
10.0,stratified,dnn,0.62,42,0,53,420.0,11159.76,11579.76
10.0,stratified,dnn,0.63,40,0,55,400.0,11165.55,11565.55
10.0,stratified,dnn,0.64,40,0,55,400.0,11165.55,11565.55
10.0,stratified,dnn,0.65,40,0,55,400.0,11165.55,11565.55
10.0,stratified,dnn,0.66,40,0,55,400.0,11165.55,11565.55
10.0,stratified,dnn,0.67,39,0,56,390.0,11166.230000000001,11556.230000000001
10.0,stratified,dnn,0.68,39,0,56,390.0,11166.230000000001,11556.230000000001
10.0,stratified,dnn,0.69,39,0,56,390.0,11166.230000000001,11556.230000000001
10.0,stratified,dnn,0.7,39,0,56,390.0,11166.230000000001,11556.230000000001
10.0,stratified,dnn,0.71,36,0,59,360.0,12049.68,12409.68
10.0,stratified,dnn,0.72,36,0,59,360.0,12049.68,12409.68
10.0,stratified,dnn,0.73,33,0,62,330.0,12383.810000000001,12713.810000000001
10.0,stratified,dnn,0.74,33,0,62,330.0,12383.810000000001,12713.810000000001
10.0,stratified,dnn,0.75,33,0,62,330.0,12383.810000000001,12713.810000000001
10.0,stratified,dnn,0.76,31,0,64,310.0,12459.670000000002,12769.670000000002
10.0,stratified,dnn,0.77,31,0,64,310.0,12459.670000000002,12769.670000000002
10.0,stratified,dnn,0.78,31,0,64,310.0,12459.670000000002,12769.670000000002
10.0,stratified,dnn,0.79,31,0,64,310.0,12459.670000000002,12769.670000000002
10.0,stratified,dnn,0.8,31,0,64,310.0,12459.670000000002,12769.670000000002
10.0,stratified,dnn,0.81,29,0,66,290.0,13286.95,13576.95
10.0,stratified,dnn,0.82,27,0,68,270.0,14011.34,14281.34
10.0,stratified,dnn,0.83,25,0,70,250.0,14012.349999999999,14262.349999999999
10.0,stratified,dnn,0.84,24,0,71,240.0,14013.35,14253.35
10.0,stratified,dnn,0.85,22,0,73,220.0,14014.35,14234.35
10.0,stratified,dnn,0.86,19,0,76,190.0,14046.74,14236.74
10.0,stratified,dnn,0.87,17,0,78,170.0,14047.51,14217.51
10.0,stratified,dnn,0.88,16,0,79,160.0,14048.19,14208.19
10.0,stratified,dnn,0.89,15,0,80,150.0,14049.189999999999,14199.189999999999
10.0,stratified,dnn,0.9,15,0,80,150.0,14049.189999999999,14199.189999999999
10.0,stratified,dnn,0.91,12,0,83,120.0,14095.86,14215.86
10.0,stratified,dnn,0.92,11,0,84,110.0,14129.45,14239.45
10.0,stratified,dnn,0.93,10,0,85,100.0,14129.449999999999,14229.449999999999
10.0,stratified,dnn,0.94,9,0,86,90.0,14174.96,14264.96
10.0,stratified,dnn,0.95,9,0,86,90.0,14174.96,14264.96
10.0,stratified,dnn,0.96,9,0,86,90.0,14174.96,14264.96
10.0,stratified,dnn,0.97,7,0,88,70.0,14331.189999999999,14401.189999999999
10.0,stratified,dnn,0.98,5,0,90,50.0,14436.349999999999,14486.349999999999
10.0,stratified,dnn,0.99,2,0,93,20.0,14764.31,14784.31
25.0,stratified,dnn,0.01,76,39,19,2875.0,3785.79,6660.79
25.0,stratified,dnn,0.02,75,24,20,2475.0,3786.5499999999997,6261.549999999999
25.0,stratified,dnn,0.03,74,17,21,2275.0,3788.7699999999995,6063.7699999999995
25.0,stratified,dnn,0.04,74,14,21,2200.0,3788.7699999999995,5988.7699999999995
25.0,stratified,dnn,0.05,73,11,22,2100.0,3792.56,5892.5599999999995
25.0,stratified,dnn,0.06,73,11,22,2100.0,3792.56,5892.5599999999995
25.0,stratified,dnn,0.07,73,11,22,2100.0,3792.56,5892.5599999999995
25.0,stratified,dnn,0.08,73,9,22,2050.0,3792.56,5842.5599999999995
25.0,stratified,dnn,0.09,72,8,23,2000.0,3804.8699999999994,5804.869999999999
25.0,stratified,dnn,0.1,71,8,24,1975.0,4044.8,6019.8
25.0,stratified,dnn,0.11,71,8,24,1975.0,4044.8,6019.8
25.0,stratified,dnn,0.12,71,8,24,1975.0,4044.8,6019.8
25.0,stratified,dnn,0.13,71,8,24,1975.0,4044.8,6019.8
25.0,stratified,dnn,0.14,71,7,24,1950.0,4044.8,5994.8
25.0,stratified,dnn,0.15,71,6,24,1925.0,4044.8,5969.8
25.0,stratified,dnn,0.16,71,5,24,1900.0,4044.8,5944.8
25.0,stratified,dnn,0.17,71,5,24,1900.0,4044.8,5944.8
25.0,stratified,dnn,0.18,71,4,24,1875.0,4044.8,5919.8
25.0,stratified,dnn,0.19,71,4,24,1875.0,4044.8,5919.8
25.0,stratified,dnn,0.2,70,4,25,1850.0,4144.79,5994.79
25.0,stratified,dnn,0.21,70,4,25,1850.0,4144.79,5994.79
25.0,stratified,dnn,0.22,69,3,26,1800.0,4244.78,6044.78
25.0,stratified,dnn,0.23,68,3,27,1775.0,4344.77,6119.77
25.0,stratified,dnn,0.24,68,3,27,1775.0,4344.77,6119.77
25.0,stratified,dnn,0.25,68,3,27,1775.0,4344.77,6119.77
25.0,stratified,dnn,0.26,67,3,28,1750.0,4409.77,6159.77
25.0,stratified,dnn,0.27,67,3,28,1750.0,4409.77,6159.77
25.0,stratified,dnn,0.28,66,3,29,1725.0,4509.76,6234.76
25.0,stratified,dnn,0.29,65,2,30,1675.0,4510.76,6185.76
25.0,stratified,dnn,0.3,65,2,30,1675.0,4510.76,6185.76
25.0,stratified,dnn,0.31,64,2,31,1650.0,4511.76,6161.76
25.0,stratified,dnn,0.32,64,2,31,1650.0,4511.76,6161.76
25.0,stratified,dnn,0.33,63,2,32,1625.0,4611.75,6236.75
25.0,stratified,dnn,0.34,62,2,33,1600.0,4629.75,6229.75
25.0,stratified,dnn,0.35,62,2,33,1600.0,4629.75,6229.75
25.0,stratified,dnn,0.36,62,2,33,1600.0,4629.75,6229.75
25.0,stratified,dnn,0.37,62,2,33,1600.0,4629.75,6229.75
25.0,stratified,dnn,0.38,61,2,34,1575.0,4636.02,6211.02
25.0,stratified,dnn,0.39,61,2,34,1575.0,4636.02,6211.02
25.0,stratified,dnn,0.4,59,1,36,1500.0,4713.96,6213.96
25.0,stratified,dnn,0.41,58,1,37,1475.0,4773.96,6248.96
25.0,stratified,dnn,0.42,58,1,37,1475.0,4773.96,6248.96
25.0,stratified,dnn,0.43,58,1,37,1475.0,4773.96,6248.96
25.0,stratified,dnn,0.44,58,1,37,1475.0,4773.96,6248.96
25.0,stratified,dnn,0.45,56,1,39,1425.0,5305.18,6730.18
25.0,stratified,dnn,0.46,56,0,39,1400.0,5305.18,6705.18
25.0,stratified,dnn,0.47,56,0,39,1400.0,5305.18,6705.18
25.0,stratified,dnn,0.48,56,0,39,1400.0,5305.18,6705.18
25.0,stratified,dnn,0.49,55,0,40,1375.0,5324.219999999999,6699.219999999999
25.0,stratified,dnn,0.5,55,0,40,1375.0,5324.219999999999,6699.219999999999
25.0,stratified,dnn,0.51,55,0,40,1375.0,5324.219999999999,6699.219999999999
25.0,stratified,dnn,0.52,55,0,40,1375.0,5324.219999999999,6699.219999999999
25.0,stratified,dnn,0.53,55,0,40,1375.0,5324.219999999999,6699.219999999999
25.0,stratified,dnn,0.54,55,0,40,1375.0,5324.219999999999,6699.219999999999
25.0,stratified,dnn,0.55,53,0,42,1325.0,7133.900000000001,8458.900000000001
25.0,stratified,dnn,0.56,51,0,44,1275.0,7259.43,8534.43
25.0,stratified,dnn,0.57,47,0,48,1175.0,8583.98,9758.98
25.0,stratified,dnn,0.58,47,0,48,1175.0,8583.98,9758.98
25.0,stratified,dnn,0.59,46,0,49,1150.0,9938.23,11088.23
25.0,stratified,dnn,0.6,45,0,50,1125.0,10038.130000000001,11163.130000000001
25.0,stratified,dnn,0.61,43,0,52,1075.0,10841.650000000001,11916.650000000001
25.0,stratified,dnn,0.62,42,0,53,1050.0,11159.76,12209.76
25.0,stratified,dnn,0.63,40,0,55,1000.0,11165.55,12165.55
25.0,stratified,dnn,0.64,40,0,55,1000.0,11165.55,12165.55
25.0,stratified,dnn,0.65,40,0,55,1000.0,11165.55,12165.55
25.0,stratified,dnn,0.66,40,0,55,1000.0,11165.55,12165.55
25.0,stratified,dnn,0.67,39,0,56,975.0,11166.230000000001,12141.230000000001
25.0,stratified,dnn,0.68,39,0,56,975.0,11166.230000000001,12141.230000000001
25.0,stratified,dnn,0.69,39,0,56,975.0,11166.230000000001,12141.230000000001
25.0,stratified,dnn,0.7,39,0,56,975.0,11166.230000000001,12141.230000000001
25.0,stratified,dnn,0.71,36,0,59,900.0,12049.68,12949.68
25.0,stratified,dnn,0.72,36,0,59,900.0,12049.68,12949.68
25.0,stratified,dnn,0.73,33,0,62,825.0,12383.810000000001,13208.810000000001
25.0,stratified,dnn,0.74,33,0,62,825.0,12383.810000000001,13208.810000000001
25.0,stratified,dnn,0.75,33,0,62,825.0,12383.810000000001,13208.810000000001
25.0,stratified,dnn,0.76,31,0,64,775.0,12459.670000000002,13234.670000000002
25.0,stratified,dnn,0.77,31,0,64,775.0,12459.670000000002,13234.670000000002
25.0,stratified,dnn,0.78,31,0,64,775.0,12459.670000000002,13234.670000000002
25.0,stratified,dnn,0.79,31,0,64,775.0,12459.670000000002,13234.670000000002
25.0,stratified,dnn,0.8,31,0,64,775.0,12459.670000000002,13234.670000000002
25.0,stratified,dnn,0.81,29,0,66,725.0,13286.95,14011.95
25.0,stratified,dnn,0.82,27,0,68,675.0,14011.34,14686.34
25.0,stratified,dnn,0.83,25,0,70,625.0,14012.349999999999,14637.349999999999
25.0,stratified,dnn,0.84,24,0,71,600.0,14013.35,14613.35
25.0,stratified,dnn,0.85,22,0,73,550.0,14014.35,14564.35
25.0,stratified,dnn,0.86,19,0,76,475.0,14046.74,14521.74
25.0,stratified,dnn,0.87,17,0,78,425.0,14047.51,14472.51
25.0,stratified,dnn,0.88,16,0,79,400.0,14048.19,14448.19
25.0,stratified,dnn,0.89,15,0,80,375.0,14049.189999999999,14424.189999999999
25.0,stratified,dnn,0.9,15,0,80,375.0,14049.189999999999,14424.189999999999
25.0,stratified,dnn,0.91,12,0,83,300.0,14095.86,14395.86
25.0,stratified,dnn,0.92,11,0,84,275.0,14129.45,14404.45
25.0,stratified,dnn,0.93,10,0,85,250.0,14129.449999999999,14379.449999999999
25.0,stratified,dnn,0.94,9,0,86,225.0,14174.96,14399.96
25.0,stratified,dnn,0.95,9,0,86,225.0,14174.96,14399.96
25.0,stratified,dnn,0.96,9,0,86,225.0,14174.96,14399.96
25.0,stratified,dnn,0.97,7,0,88,175.0,14331.189999999999,14506.189999999999
25.0,stratified,dnn,0.98,5,0,90,125.0,14436.349999999999,14561.349999999999
25.0,stratified,dnn,0.99,2,0,93,50.0,14764.31,14814.31
2.0,chronological,xgboost,0.01,61,163,13,448.0,2382.73,2830.73
2.0,chronological,xgboost,0.02,59,88,15,294.0,2397.79,2691.79
2.0,chronological,xgboost,0.03,59,57,15,232.0,2397.79,2629.79
2.0,chronological,xgboost,0.04,59,48,15,214.0,2397.79,2611.79
2.0,chronological,xgboost,0.05,59,34,15,186.0,2397.79,2583.79
2.0,chronological,xgboost,0.06,59,31,15,180.0,2397.79,2577.79
2.0,chronological,xgboost,0.07,59,26,15,170.0,2397.79,2567.79
2.0,chronological,xgboost,0.08,59,21,15,160.0,2397.79,2557.79
2.0,chronological,xgboost,0.09,58,17,16,150.0,2400.0099999999998,2550.0099999999998
2.0,chronological,xgboost,0.1,57,11,17,136.0,2637.27,2773.27
2.0,chronological,xgboost,0.11,57,10,17,134.0,2637.27,2771.27
2.0,chronological,xgboost,0.12,56,9,18,130.0,3633.54,3763.54
2.0,chronological,xgboost,0.13,56,9,18,130.0,3633.54,3763.54
2.0,chronological,xgboost,0.14,56,9,18,130.0,3633.54,3763.54
2.0,chronological,xgboost,0.15,56,9,18,130.0,3633.54,3763.54
2.0,chronological,xgboost,0.16,56,9,18,130.0,3633.54,3763.54
2.0,chronological,xgboost,0.17,56,9,18,130.0,3633.54,3763.54
2.0,chronological,xgboost,0.18,56,9,18,130.0,3633.54,3763.54
2.0,chronological,xgboost,0.19,56,9,18,130.0,3633.54,3763.54
2.0,chronological,xgboost,0.2,56,8,18,128.0,3633.54,3761.54
2.0,chronological,xgboost,0.21,55,8,19,126.0,3634.5400000000004,3760.5400000000004
2.0,chronological,xgboost,0.22,55,8,19,126.0,3634.5400000000004,3760.5400000000004
2.0,chronological,xgboost,0.23,55,8,19,126.0,3634.5400000000004,3760.5400000000004
2.0,chronological,xgboost,0.24,55,8,19,126.0,3634.5400000000004,3760.5400000000004
2.0,chronological,xgboost,0.25,55,8,19,126.0,3634.5400000000004,3760.5400000000004
2.0,chronological,xgboost,0.26,55,8,19,126.0,3634.5400000000004,3760.5400000000004
2.0,chronological,xgboost,0.27,55,8,19,126.0,3634.5400000000004,3760.5400000000004
2.0,chronological,xgboost,0.28,54,8,20,124.0,3674.44,3798.44
2.0,chronological,xgboost,0.29,54,7,20,122.0,3674.44,3796.44
2.0,chronological,xgboost,0.3,54,7,20,122.0,3674.44,3796.44
2.0,chronological,xgboost,0.31,54,7,20,122.0,3674.44,3796.44
2.0,chronological,xgboost,0.32,54,7,20,122.0,3674.44,3796.44
2.0,chronological,xgboost,0.33,54,7,20,122.0,3674.44,3796.44
2.0,chronological,xgboost,0.34,54,6,20,120.0,3674.44,3794.44
2.0,chronological,xgboost,0.35,54,5,20,118.0,3674.44,3792.44
2.0,chronological,xgboost,0.36,53,4,21,114.0,3675.2000000000003,3789.2000000000003
2.0,chronological,xgboost,0.37,53,4,21,114.0,3675.2000000000003,3789.2000000000003
2.0,chronological,xgboost,0.38,53,4,21,114.0,3675.2000000000003,3789.2000000000003
2.0,chronological,xgboost,0.39,53,4,21,114.0,3675.2000000000003,3789.2000000000003
2.0,chronological,xgboost,0.4,53,3,21,112.0,3675.2000000000003,3787.2000000000003
2.0,chronological,xgboost,0.41,53,3,21,112.0,3675.2000000000003,3787.2000000000003
2.0,chronological,xgboost,0.42,53,3,21,112.0,3675.2000000000003,3787.2000000000003
2.0,chronological,xgboost,0.43,52,3,22,110.0,3680.1,3790.1
2.0,chronological,xgboost,0.44,51,3,23,108.0,3927.9600000000005,4035.9600000000005
2.0,chronological,xgboost,0.45,51,3,23,108.0,3927.9600000000005,4035.9600000000005
2.0,chronological,xgboost,0.46,51,3,23,108.0,3927.9600000000005,4035.9600000000005
2.0,chronological,xgboost,0.47,51,3,23,108.0,3927.9600000000005,4035.9600000000005
2.0,chronological,xgboost,0.48,51,3,23,108.0,3927.9600000000005,4035.9600000000005
2.0,chronological,xgboost,0.49,51,3,23,108.0,3927.9600000000005,4035.9600000000005
2.0,chronological,xgboost,0.5,51,3,23,108.0,3927.9600000000005,4035.9600000000005
2.0,chronological,xgboost,0.51,51,3,23,108.0,3927.9600000000005,4035.9600000000005
2.0,chronological,xgboost,0.52,51,3,23,108.0,3927.9600000000005,4035.9600000000005
2.0,chronological,xgboost,0.53,51,3,23,108.0,3927.9600000000005,4035.9600000000005
2.0,chronological,xgboost,0.54,51,2,23,106.0,3927.9600000000005,4033.9600000000005
2.0,chronological,xgboost,0.55,51,2,23,106.0,3927.9600000000005,4033.9600000000005
2.0,chronological,xgboost,0.56,51,2,23,106.0,3927.9600000000005,4033.9600000000005
2.0,chronological,xgboost,0.57,51,2,23,106.0,3927.9600000000005,4033.9600000000005
2.0,chronological,xgboost,0.58,51,2,23,106.0,3927.9600000000005,4033.9600000000005
2.0,chronological,xgboost,0.59,51,2,23,106.0,3927.9600000000005,4033.9600000000005
2.0,chronological,xgboost,0.6,51,2,23,106.0,3927.9600000000005,4033.9600000000005
2.0,chronological,xgboost,0.61,50,2,24,104.0,3928.96,4032.96
2.0,chronological,xgboost,0.62,49,2,25,102.0,3938.25,4040.25
2.0,chronological,xgboost,0.63,49,2,25,102.0,3938.25,4040.25
2.0,chronological,xgboost,0.64,49,2,25,102.0,3938.25,4040.25
2.0,chronological,xgboost,0.65,49,2,25,102.0,3938.25,4040.25
2.0,chronological,xgboost,0.66,49,2,25,102.0,3938.25,4040.25
2.0,chronological,xgboost,0.67,49,2,25,102.0,3938.25,4040.25
2.0,chronological,xgboost,0.68,49,2,25,102.0,3938.25,4040.25
2.0,chronological,xgboost,0.69,47,2,27,98.0,4061.65,4159.65
2.0,chronological,xgboost,0.7,46,2,28,96.0,4357.650000000001,4453.650000000001
2.0,chronological,xgboost,0.71,46,2,28,96.0,4357.650000000001,4453.650000000001
2.0,chronological,xgboost,0.72,46,2,28,96.0,4357.650000000001,4453.650000000001
2.0,chronological,xgboost,0.73,46,2,28,96.0,4357.650000000001,4453.650000000001
2.0,chronological,xgboost,0.74,45,2,29,94.0,4407.65,4501.65
2.0,chronological,xgboost,0.75,45,2,29,94.0,4407.65,4501.65
2.0,chronological,xgboost,0.76,45,1,29,92.0,4407.65,4499.65
2.0,chronological,xgboost,0.77,45,1,29,92.0,4407.65,4499.65
2.0,chronological,xgboost,0.78,45,1,29,92.0,4407.65,4499.65
2.0,chronological,xgboost,0.79,44,1,30,90.0,4407.650000000001,4497.650000000001
2.0,chronological,xgboost,0.8,44,1,30,90.0,4407.650000000001,4497.650000000001
2.0,chronological,xgboost,0.81,42,1,32,86.0,4448.4,4534.4
2.0,chronological,xgboost,0.82,42,1,32,86.0,4448.4,4534.4
2.0,chronological,xgboost,0.83,41,1,33,84.0,4448.4,4532.4
2.0,chronological,xgboost,0.84,39,1,35,80.0,4449.16,4529.16
2.0,chronological,xgboost,0.85,39,1,35,80.0,4449.16,4529.16
2.0,chronological,xgboost,0.86,38,0,36,76.0,4451.16,4527.16
2.0,chronological,xgboost,0.87,38,0,36,76.0,4451.16,4527.16
2.0,chronological,xgboost,0.88,37,0,37,74.0,4456.13,4530.13
2.0,chronological,xgboost,0.89,33,0,41,66.0,4498.169999999999,4564.169999999999
2.0,chronological,xgboost,0.9,31,0,43,62.0,4550.31,4612.31
2.0,chronological,xgboost,0.91,26,0,48,52.0,4554.0,4606.0
2.0,chronological,xgboost,0.92,22,0,52,44.0,4659.46,4703.46
2.0,chronological,xgboost,0.93,20,0,54,40.0,4718.1900000000005,4758.1900000000005
2.0,chronological,xgboost,0.94,16,0,58,32.0,4731.61,4763.61
2.0,chronological,xgboost,0.95,9,0,65,18.0,5647.589999999999,5665.589999999999
2.0,chronological,xgboost,0.96,7,0,67,14.0,5743.51,5757.51
2.0,chronological,xgboost,0.97,4,0,70,8.0,7249.45,7257.45
2.0,chronological,xgboost,0.98,2,0,72,4.0,7377.59,7381.59
2.0,chronological,xgboost,0.99,0,0,74,0.0,7727.67,7727.67
5.0,chronological,xgboost,0.01,61,163,13,1120.0,2382.73,3502.73
5.0,chronological,xgboost,0.02,59,88,15,735.0,2397.79,3132.79
5.0,chronological,xgboost,0.03,59,57,15,580.0,2397.79,2977.79
5.0,chronological,xgboost,0.04,59,48,15,535.0,2397.79,2932.79
5.0,chronological,xgboost,0.05,59,34,15,465.0,2397.79,2862.79
5.0,chronological,xgboost,0.06,59,31,15,450.0,2397.79,2847.79
5.0,chronological,xgboost,0.07,59,26,15,425.0,2397.79,2822.79
5.0,chronological,xgboost,0.08,59,21,15,400.0,2397.79,2797.79
5.0,chronological,xgboost,0.09,58,17,16,375.0,2400.0099999999998,2775.0099999999998
5.0,chronological,xgboost,0.1,57,11,17,340.0,2637.27,2977.27
5.0,chronological,xgboost,0.11,57,10,17,335.0,2637.27,2972.27
5.0,chronological,xgboost,0.12,56,9,18,325.0,3633.54,3958.54
5.0,chronological,xgboost,0.13,56,9,18,325.0,3633.54,3958.54
5.0,chronological,xgboost,0.14,56,9,18,325.0,3633.54,3958.54
5.0,chronological,xgboost,0.15,56,9,18,325.0,3633.54,3958.54
5.0,chronological,xgboost,0.16,56,9,18,325.0,3633.54,3958.54
5.0,chronological,xgboost,0.17,56,9,18,325.0,3633.54,3958.54
5.0,chronological,xgboost,0.18,56,9,18,325.0,3633.54,3958.54
5.0,chronological,xgboost,0.19,56,9,18,325.0,3633.54,3958.54
5.0,chronological,xgboost,0.2,56,8,18,320.0,3633.54,3953.54
5.0,chronological,xgboost,0.21,55,8,19,315.0,3634.5400000000004,3949.5400000000004
5.0,chronological,xgboost,0.22,55,8,19,315.0,3634.5400000000004,3949.5400000000004
5.0,chronological,xgboost,0.23,55,8,19,315.0,3634.5400000000004,3949.5400000000004
5.0,chronological,xgboost,0.24,55,8,19,315.0,3634.5400000000004,3949.5400000000004
5.0,chronological,xgboost,0.25,55,8,19,315.0,3634.5400000000004,3949.5400000000004
5.0,chronological,xgboost,0.26,55,8,19,315.0,3634.5400000000004,3949.5400000000004
5.0,chronological,xgboost,0.27,55,8,19,315.0,3634.5400000000004,3949.5400000000004
5.0,chronological,xgboost,0.28,54,8,20,310.0,3674.44,3984.44
5.0,chronological,xgboost,0.29,54,7,20,305.0,3674.44,3979.44
5.0,chronological,xgboost,0.3,54,7,20,305.0,3674.44,3979.44
5.0,chronological,xgboost,0.31,54,7,20,305.0,3674.44,3979.44
5.0,chronological,xgboost,0.32,54,7,20,305.0,3674.44,3979.44
5.0,chronological,xgboost,0.33,54,7,20,305.0,3674.44,3979.44
5.0,chronological,xgboost,0.34,54,6,20,300.0,3674.44,3974.44
5.0,chronological,xgboost,0.35,54,5,20,295.0,3674.44,3969.44
5.0,chronological,xgboost,0.36,53,4,21,285.0,3675.2000000000003,3960.2000000000003
5.0,chronological,xgboost,0.37,53,4,21,285.0,3675.2000000000003,3960.2000000000003
5.0,chronological,xgboost,0.38,53,4,21,285.0,3675.2000000000003,3960.2000000000003
5.0,chronological,xgboost,0.39,53,4,21,285.0,3675.2000000000003,3960.2000000000003
5.0,chronological,xgboost,0.4,53,3,21,280.0,3675.2000000000003,3955.2000000000003
5.0,chronological,xgboost,0.41,53,3,21,280.0,3675.2000000000003,3955.2000000000003
5.0,chronological,xgboost,0.42,53,3,21,280.0,3675.2000000000003,3955.2000000000003
5.0,chronological,xgboost,0.43,52,3,22,275.0,3680.1,3955.1
5.0,chronological,xgboost,0.44,51,3,23,270.0,3927.9600000000005,4197.960000000001
5.0,chronological,xgboost,0.45,51,3,23,270.0,3927.9600000000005,4197.960000000001
5.0,chronological,xgboost,0.46,51,3,23,270.0,3927.9600000000005,4197.960000000001
5.0,chronological,xgboost,0.47,51,3,23,270.0,3927.9600000000005,4197.960000000001
5.0,chronological,xgboost,0.48,51,3,23,270.0,3927.9600000000005,4197.960000000001
5.0,chronological,xgboost,0.49,51,3,23,270.0,3927.9600000000005,4197.960000000001
5.0,chronological,xgboost,0.5,51,3,23,270.0,3927.9600000000005,4197.960000000001
5.0,chronological,xgboost,0.51,51,3,23,270.0,3927.9600000000005,4197.960000000001
5.0,chronological,xgboost,0.52,51,3,23,270.0,3927.9600000000005,4197.960000000001
5.0,chronological,xgboost,0.53,51,3,23,270.0,3927.9600000000005,4197.960000000001
5.0,chronological,xgboost,0.54,51,2,23,265.0,3927.9600000000005,4192.960000000001
5.0,chronological,xgboost,0.55,51,2,23,265.0,3927.9600000000005,4192.960000000001
5.0,chronological,xgboost,0.56,51,2,23,265.0,3927.9600000000005,4192.960000000001
5.0,chronological,xgboost,0.57,51,2,23,265.0,3927.9600000000005,4192.960000000001
5.0,chronological,xgboost,0.58,51,2,23,265.0,3927.9600000000005,4192.960000000001
5.0,chronological,xgboost,0.59,51,2,23,265.0,3927.9600000000005,4192.960000000001
5.0,chronological,xgboost,0.6,51,2,23,265.0,3927.9600000000005,4192.960000000001
5.0,chronological,xgboost,0.61,50,2,24,260.0,3928.96,4188.96
5.0,chronological,xgboost,0.62,49,2,25,255.0,3938.25,4193.25
5.0,chronological,xgboost,0.63,49,2,25,255.0,3938.25,4193.25
5.0,chronological,xgboost,0.64,49,2,25,255.0,3938.25,4193.25
5.0,chronological,xgboost,0.65,49,2,25,255.0,3938.25,4193.25
5.0,chronological,xgboost,0.66,49,2,25,255.0,3938.25,4193.25
5.0,chronological,xgboost,0.67,49,2,25,255.0,3938.25,4193.25
5.0,chronological,xgboost,0.68,49,2,25,255.0,3938.25,4193.25
5.0,chronological,xgboost,0.69,47,2,27,245.0,4061.65,4306.65
5.0,chronological,xgboost,0.7,46,2,28,240.0,4357.650000000001,4597.650000000001
5.0,chronological,xgboost,0.71,46,2,28,240.0,4357.650000000001,4597.650000000001
5.0,chronological,xgboost,0.72,46,2,28,240.0,4357.650000000001,4597.650000000001
5.0,chronological,xgboost,0.73,46,2,28,240.0,4357.650000000001,4597.650000000001
5.0,chronological,xgboost,0.74,45,2,29,235.0,4407.65,4642.65
5.0,chronological,xgboost,0.75,45,2,29,235.0,4407.65,4642.65
5.0,chronological,xgboost,0.76,45,1,29,230.0,4407.65,4637.65
5.0,chronological,xgboost,0.77,45,1,29,230.0,4407.65,4637.65
5.0,chronological,xgboost,0.78,45,1,29,230.0,4407.65,4637.65
5.0,chronological,xgboost,0.79,44,1,30,225.0,4407.650000000001,4632.650000000001
5.0,chronological,xgboost,0.8,44,1,30,225.0,4407.650000000001,4632.650000000001
5.0,chronological,xgboost,0.81,42,1,32,215.0,4448.4,4663.4
5.0,chronological,xgboost,0.82,42,1,32,215.0,4448.4,4663.4
5.0,chronological,xgboost,0.83,41,1,33,210.0,4448.4,4658.4
5.0,chronological,xgboost,0.84,39,1,35,200.0,4449.16,4649.16
5.0,chronological,xgboost,0.85,39,1,35,200.0,4449.16,4649.16
5.0,chronological,xgboost,0.86,38,0,36,190.0,4451.16,4641.16
5.0,chronological,xgboost,0.87,38,0,36,190.0,4451.16,4641.16
5.0,chronological,xgboost,0.88,37,0,37,185.0,4456.13,4641.13
5.0,chronological,xgboost,0.89,33,0,41,165.0,4498.169999999999,4663.169999999999
5.0,chronological,xgboost,0.9,31,0,43,155.0,4550.31,4705.31
5.0,chronological,xgboost,0.91,26,0,48,130.0,4554.0,4684.0
5.0,chronological,xgboost,0.92,22,0,52,110.0,4659.46,4769.46
5.0,chronological,xgboost,0.93,20,0,54,100.0,4718.1900000000005,4818.1900000000005
5.0,chronological,xgboost,0.94,16,0,58,80.0,4731.61,4811.61
5.0,chronological,xgboost,0.95,9,0,65,45.0,5647.589999999999,5692.589999999999
5.0,chronological,xgboost,0.96,7,0,67,35.0,5743.51,5778.51
5.0,chronological,xgboost,0.97,4,0,70,20.0,7249.45,7269.45
5.0,chronological,xgboost,0.98,2,0,72,10.0,7377.59,7387.59
5.0,chronological,xgboost,0.99,0,0,74,0.0,7727.67,7727.67
10.0,chronological,xgboost,0.01,61,163,13,2240.0,2382.73,4622.73
10.0,chronological,xgboost,0.02,59,88,15,1470.0,2397.79,3867.79
10.0,chronological,xgboost,0.03,59,57,15,1160.0,2397.79,3557.79
10.0,chronological,xgboost,0.04,59,48,15,1070.0,2397.79,3467.79
10.0,chronological,xgboost,0.05,59,34,15,930.0,2397.79,3327.79
10.0,chronological,xgboost,0.06,59,31,15,900.0,2397.79,3297.79
10.0,chronological,xgboost,0.07,59,26,15,850.0,2397.79,3247.79
10.0,chronological,xgboost,0.08,59,21,15,800.0,2397.79,3197.79
10.0,chronological,xgboost,0.09,58,17,16,750.0,2400.0099999999998,3150.0099999999998
10.0,chronological,xgboost,0.1,57,11,17,680.0,2637.27,3317.27
10.0,chronological,xgboost,0.11,57,10,17,670.0,2637.27,3307.27
10.0,chronological,xgboost,0.12,56,9,18,650.0,3633.54,4283.54
10.0,chronological,xgboost,0.13,56,9,18,650.0,3633.54,4283.54
10.0,chronological,xgboost,0.14,56,9,18,650.0,3633.54,4283.54
10.0,chronological,xgboost,0.15,56,9,18,650.0,3633.54,4283.54
10.0,chronological,xgboost,0.16,56,9,18,650.0,3633.54,4283.54
10.0,chronological,xgboost,0.17,56,9,18,650.0,3633.54,4283.54
10.0,chronological,xgboost,0.18,56,9,18,650.0,3633.54,4283.54
10.0,chronological,xgboost,0.19,56,9,18,650.0,3633.54,4283.54
10.0,chronological,xgboost,0.2,56,8,18,640.0,3633.54,4273.54
10.0,chronological,xgboost,0.21,55,8,19,630.0,3634.5400000000004,4264.540000000001
10.0,chronological,xgboost,0.22,55,8,19,630.0,3634.5400000000004,4264.540000000001
10.0,chronological,xgboost,0.23,55,8,19,630.0,3634.5400000000004,4264.540000000001
10.0,chronological,xgboost,0.24,55,8,19,630.0,3634.5400000000004,4264.540000000001
10.0,chronological,xgboost,0.25,55,8,19,630.0,3634.5400000000004,4264.540000000001
10.0,chronological,xgboost,0.26,55,8,19,630.0,3634.5400000000004,4264.540000000001
10.0,chronological,xgboost,0.27,55,8,19,630.0,3634.5400000000004,4264.540000000001
10.0,chronological,xgboost,0.28,54,8,20,620.0,3674.44,4294.4400000000005
10.0,chronological,xgboost,0.29,54,7,20,610.0,3674.44,4284.4400000000005
10.0,chronological,xgboost,0.3,54,7,20,610.0,3674.44,4284.4400000000005
10.0,chronological,xgboost,0.31,54,7,20,610.0,3674.44,4284.4400000000005
10.0,chronological,xgboost,0.32,54,7,20,610.0,3674.44,4284.4400000000005
10.0,chronological,xgboost,0.33,54,7,20,610.0,3674.44,4284.4400000000005
10.0,chronological,xgboost,0.34,54,6,20,600.0,3674.44,4274.4400000000005
10.0,chronological,xgboost,0.35,54,5,20,590.0,3674.44,4264.4400000000005
10.0,chronological,xgboost,0.36,53,4,21,570.0,3675.2000000000003,4245.200000000001
10.0,chronological,xgboost,0.37,53,4,21,570.0,3675.2000000000003,4245.200000000001
10.0,chronological,xgboost,0.38,53,4,21,570.0,3675.2000000000003,4245.200000000001
10.0,chronological,xgboost,0.39,53,4,21,570.0,3675.2000000000003,4245.200000000001
10.0,chronological,xgboost,0.4,53,3,21,560.0,3675.2000000000003,4235.200000000001
10.0,chronological,xgboost,0.41,53,3,21,560.0,3675.2000000000003,4235.200000000001
10.0,chronological,xgboost,0.42,53,3,21,560.0,3675.2000000000003,4235.200000000001
10.0,chronological,xgboost,0.43,52,3,22,550.0,3680.1,4230.1
10.0,chronological,xgboost,0.44,51,3,23,540.0,3927.9600000000005,4467.960000000001
10.0,chronological,xgboost,0.45,51,3,23,540.0,3927.9600000000005,4467.960000000001
10.0,chronological,xgboost,0.46,51,3,23,540.0,3927.9600000000005,4467.960000000001
10.0,chronological,xgboost,0.47,51,3,23,540.0,3927.9600000000005,4467.960000000001
10.0,chronological,xgboost,0.48,51,3,23,540.0,3927.9600000000005,4467.960000000001
10.0,chronological,xgboost,0.49,51,3,23,540.0,3927.9600000000005,4467.960000000001
10.0,chronological,xgboost,0.5,51,3,23,540.0,3927.9600000000005,4467.960000000001
10.0,chronological,xgboost,0.51,51,3,23,540.0,3927.9600000000005,4467.960000000001
10.0,chronological,xgboost,0.52,51,3,23,540.0,3927.9600000000005,4467.960000000001
10.0,chronological,xgboost,0.53,51,3,23,540.0,3927.9600000000005,4467.960000000001
10.0,chronological,xgboost,0.54,51,2,23,530.0,3927.9600000000005,4457.960000000001
10.0,chronological,xgboost,0.55,51,2,23,530.0,3927.9600000000005,4457.960000000001
10.0,chronological,xgboost,0.56,51,2,23,530.0,3927.9600000000005,4457.960000000001
10.0,chronological,xgboost,0.57,51,2,23,530.0,3927.9600000000005,4457.960000000001
10.0,chronological,xgboost,0.58,51,2,23,530.0,3927.9600000000005,4457.960000000001
10.0,chronological,xgboost,0.59,51,2,23,530.0,3927.9600000000005,4457.960000000001
10.0,chronological,xgboost,0.6,51,2,23,530.0,3927.9600000000005,4457.960000000001
10.0,chronological,xgboost,0.61,50,2,24,520.0,3928.96,4448.96
10.0,chronological,xgboost,0.62,49,2,25,510.0,3938.25,4448.25
10.0,chronological,xgboost,0.63,49,2,25,510.0,3938.25,4448.25
10.0,chronological,xgboost,0.64,49,2,25,510.0,3938.25,4448.25
10.0,chronological,xgboost,0.65,49,2,25,510.0,3938.25,4448.25
10.0,chronological,xgboost,0.66,49,2,25,510.0,3938.25,4448.25
10.0,chronological,xgboost,0.67,49,2,25,510.0,3938.25,4448.25
10.0,chronological,xgboost,0.68,49,2,25,510.0,3938.25,4448.25
10.0,chronological,xgboost,0.69,47,2,27,490.0,4061.65,4551.65
10.0,chronological,xgboost,0.7,46,2,28,480.0,4357.650000000001,4837.650000000001
10.0,chronological,xgboost,0.71,46,2,28,480.0,4357.650000000001,4837.650000000001
10.0,chronological,xgboost,0.72,46,2,28,480.0,4357.650000000001,4837.650000000001
10.0,chronological,xgboost,0.73,46,2,28,480.0,4357.650000000001,4837.650000000001
10.0,chronological,xgboost,0.74,45,2,29,470.0,4407.65,4877.65
10.0,chronological,xgboost,0.75,45,2,29,470.0,4407.65,4877.65
10.0,chronological,xgboost,0.76,45,1,29,460.0,4407.65,4867.65
10.0,chronological,xgboost,0.77,45,1,29,460.0,4407.65,4867.65
10.0,chronological,xgboost,0.78,45,1,29,460.0,4407.65,4867.65
10.0,chronological,xgboost,0.79,44,1,30,450.0,4407.650000000001,4857.650000000001
10.0,chronological,xgboost,0.8,44,1,30,450.0,4407.650000000001,4857.650000000001
10.0,chronological,xgboost,0.81,42,1,32,430.0,4448.4,4878.4
10.0,chronological,xgboost,0.82,42,1,32,430.0,4448.4,4878.4
10.0,chronological,xgboost,0.83,41,1,33,420.0,4448.4,4868.4
10.0,chronological,xgboost,0.84,39,1,35,400.0,4449.16,4849.16
10.0,chronological,xgboost,0.85,39,1,35,400.0,4449.16,4849.16
10.0,chronological,xgboost,0.86,38,0,36,380.0,4451.16,4831.16
10.0,chronological,xgboost,0.87,38,0,36,380.0,4451.16,4831.16
10.0,chronological,xgboost,0.88,37,0,37,370.0,4456.13,4826.13
10.0,chronological,xgboost,0.89,33,0,41,330.0,4498.169999999999,4828.169999999999
10.0,chronological,xgboost,0.9,31,0,43,310.0,4550.31,4860.31
10.0,chronological,xgboost,0.91,26,0,48,260.0,4554.0,4814.0
10.0,chronological,xgboost,0.92,22,0,52,220.0,4659.46,4879.46
10.0,chronological,xgboost,0.93,20,0,54,200.0,4718.1900000000005,4918.1900000000005
10.0,chronological,xgboost,0.94,16,0,58,160.0,4731.61,4891.61
10.0,chronological,xgboost,0.95,9,0,65,90.0,5647.589999999999,5737.589999999999
10.0,chronological,xgboost,0.96,7,0,67,70.0,5743.51,5813.51
10.0,chronological,xgboost,0.97,4,0,70,40.0,7249.45,7289.45
10.0,chronological,xgboost,0.98,2,0,72,20.0,7377.59,7397.59
10.0,chronological,xgboost,0.99,0,0,74,0.0,7727.67,7727.67
25.0,chronological,xgboost,0.01,61,163,13,5600.0,2382.73,7982.73
25.0,chronological,xgboost,0.02,59,88,15,3675.0,2397.79,6072.79
25.0,chronological,xgboost,0.03,59,57,15,2900.0,2397.79,5297.79
25.0,chronological,xgboost,0.04,59,48,15,2675.0,2397.79,5072.79
25.0,chronological,xgboost,0.05,59,34,15,2325.0,2397.79,4722.79
25.0,chronological,xgboost,0.06,59,31,15,2250.0,2397.79,4647.79
25.0,chronological,xgboost,0.07,59,26,15,2125.0,2397.79,4522.79
25.0,chronological,xgboost,0.08,59,21,15,2000.0,2397.79,4397.79
25.0,chronological,xgboost,0.09,58,17,16,1875.0,2400.0099999999998,4275.01
25.0,chronological,xgboost,0.1,57,11,17,1700.0,2637.27,4337.27
25.0,chronological,xgboost,0.11,57,10,17,1675.0,2637.27,4312.27
25.0,chronological,xgboost,0.12,56,9,18,1625.0,3633.54,5258.54
25.0,chronological,xgboost,0.13,56,9,18,1625.0,3633.54,5258.54
25.0,chronological,xgboost,0.14,56,9,18,1625.0,3633.54,5258.54
25.0,chronological,xgboost,0.15,56,9,18,1625.0,3633.54,5258.54
25.0,chronological,xgboost,0.16,56,9,18,1625.0,3633.54,5258.54
25.0,chronological,xgboost,0.17,56,9,18,1625.0,3633.54,5258.54
25.0,chronological,xgboost,0.18,56,9,18,1625.0,3633.54,5258.54
25.0,chronological,xgboost,0.19,56,9,18,1625.0,3633.54,5258.54
25.0,chronological,xgboost,0.2,56,8,18,1600.0,3633.54,5233.54
25.0,chronological,xgboost,0.21,55,8,19,1575.0,3634.5400000000004,5209.540000000001
25.0,chronological,xgboost,0.22,55,8,19,1575.0,3634.5400000000004,5209.540000000001
25.0,chronological,xgboost,0.23,55,8,19,1575.0,3634.5400000000004,5209.540000000001
25.0,chronological,xgboost,0.24,55,8,19,1575.0,3634.5400000000004,5209.540000000001
25.0,chronological,xgboost,0.25,55,8,19,1575.0,3634.5400000000004,5209.540000000001
25.0,chronological,xgboost,0.26,55,8,19,1575.0,3634.5400000000004,5209.540000000001
25.0,chronological,xgboost,0.27,55,8,19,1575.0,3634.5400000000004,5209.540000000001
25.0,chronological,xgboost,0.28,54,8,20,1550.0,3674.44,5224.4400000000005
25.0,chronological,xgboost,0.29,54,7,20,1525.0,3674.44,5199.4400000000005
25.0,chronological,xgboost,0.3,54,7,20,1525.0,3674.44,5199.4400000000005
25.0,chronological,xgboost,0.31,54,7,20,1525.0,3674.44,5199.4400000000005
25.0,chronological,xgboost,0.32,54,7,20,1525.0,3674.44,5199.4400000000005
25.0,chronological,xgboost,0.33,54,7,20,1525.0,3674.44,5199.4400000000005
25.0,chronological,xgboost,0.34,54,6,20,1500.0,3674.44,5174.4400000000005
25.0,chronological,xgboost,0.35,54,5,20,1475.0,3674.44,5149.4400000000005
25.0,chronological,xgboost,0.36,53,4,21,1425.0,3675.2000000000003,5100.200000000001
25.0,chronological,xgboost,0.37,53,4,21,1425.0,3675.2000000000003,5100.200000000001
25.0,chronological,xgboost,0.38,53,4,21,1425.0,3675.2000000000003,5100.200000000001
25.0,chronological,xgboost,0.39,53,4,21,1425.0,3675.2000000000003,5100.200000000001
25.0,chronological,xgboost,0.4,53,3,21,1400.0,3675.2000000000003,5075.200000000001
25.0,chronological,xgboost,0.41,53,3,21,1400.0,3675.2000000000003,5075.200000000001
25.0,chronological,xgboost,0.42,53,3,21,1400.0,3675.2000000000003,5075.200000000001
25.0,chronological,xgboost,0.43,52,3,22,1375.0,3680.1,5055.1
25.0,chronological,xgboost,0.44,51,3,23,1350.0,3927.9600000000005,5277.960000000001
25.0,chronological,xgboost,0.45,51,3,23,1350.0,3927.9600000000005,5277.960000000001
25.0,chronological,xgboost,0.46,51,3,23,1350.0,3927.9600000000005,5277.960000000001
25.0,chronological,xgboost,0.47,51,3,23,1350.0,3927.9600000000005,5277.960000000001
25.0,chronological,xgboost,0.48,51,3,23,1350.0,3927.9600000000005,5277.960000000001
25.0,chronological,xgboost,0.49,51,3,23,1350.0,3927.9600000000005,5277.960000000001
25.0,chronological,xgboost,0.5,51,3,23,1350.0,3927.9600000000005,5277.960000000001
25.0,chronological,xgboost,0.51,51,3,23,1350.0,3927.9600000000005,5277.960000000001
25.0,chronological,xgboost,0.52,51,3,23,1350.0,3927.9600000000005,5277.960000000001
25.0,chronological,xgboost,0.53,51,3,23,1350.0,3927.9600000000005,5277.960000000001
25.0,chronological,xgboost,0.54,51,2,23,1325.0,3927.9600000000005,5252.960000000001
25.0,chronological,xgboost,0.55,51,2,23,1325.0,3927.9600000000005,5252.960000000001
25.0,chronological,xgboost,0.56,51,2,23,1325.0,3927.9600000000005,5252.960000000001
25.0,chronological,xgboost,0.57,51,2,23,1325.0,3927.9600000000005,5252.960000000001
25.0,chronological,xgboost,0.58,51,2,23,1325.0,3927.9600000000005,5252.960000000001
25.0,chronological,xgboost,0.59,51,2,23,1325.0,3927.9600000000005,5252.960000000001
25.0,chronological,xgboost,0.6,51,2,23,1325.0,3927.9600000000005,5252.960000000001
25.0,chronological,xgboost,0.61,50,2,24,1300.0,3928.96,5228.96
25.0,chronological,xgboost,0.62,49,2,25,1275.0,3938.25,5213.25
25.0,chronological,xgboost,0.63,49,2,25,1275.0,3938.25,5213.25
25.0,chronological,xgboost,0.64,49,2,25,1275.0,3938.25,5213.25
25.0,chronological,xgboost,0.65,49,2,25,1275.0,3938.25,5213.25
25.0,chronological,xgboost,0.66,49,2,25,1275.0,3938.25,5213.25
25.0,chronological,xgboost,0.67,49,2,25,1275.0,3938.25,5213.25
25.0,chronological,xgboost,0.68,49,2,25,1275.0,3938.25,5213.25
25.0,chronological,xgboost,0.69,47,2,27,1225.0,4061.65,5286.65
25.0,chronological,xgboost,0.7,46,2,28,1200.0,4357.650000000001,5557.650000000001
25.0,chronological,xgboost,0.71,46,2,28,1200.0,4357.650000000001,5557.650000000001
25.0,chronological,xgboost,0.72,46,2,28,1200.0,4357.650000000001,5557.650000000001
25.0,chronological,xgboost,0.73,46,2,28,1200.0,4357.650000000001,5557.650000000001
25.0,chronological,xgboost,0.74,45,2,29,1175.0,4407.65,5582.65
25.0,chronological,xgboost,0.75,45,2,29,1175.0,4407.65,5582.65
25.0,chronological,xgboost,0.76,45,1,29,1150.0,4407.65,5557.65
25.0,chronological,xgboost,0.77,45,1,29,1150.0,4407.65,5557.65
25.0,chronological,xgboost,0.78,45,1,29,1150.0,4407.65,5557.65
25.0,chronological,xgboost,0.79,44,1,30,1125.0,4407.650000000001,5532.650000000001
25.0,chronological,xgboost,0.8,44,1,30,1125.0,4407.650000000001,5532.650000000001
25.0,chronological,xgboost,0.81,42,1,32,1075.0,4448.4,5523.4
25.0,chronological,xgboost,0.82,42,1,32,1075.0,4448.4,5523.4
25.0,chronological,xgboost,0.83,41,1,33,1050.0,4448.4,5498.4
25.0,chronological,xgboost,0.84,39,1,35,1000.0,4449.16,5449.16
25.0,chronological,xgboost,0.85,39,1,35,1000.0,4449.16,5449.16
25.0,chronological,xgboost,0.86,38,0,36,950.0,4451.16,5401.16
25.0,chronological,xgboost,0.87,38,0,36,950.0,4451.16,5401.16
25.0,chronological,xgboost,0.88,37,0,37,925.0,4456.13,5381.13
25.0,chronological,xgboost,0.89,33,0,41,825.0,4498.169999999999,5323.169999999999
25.0,chronological,xgboost,0.9,31,0,43,775.0,4550.31,5325.31
25.0,chronological,xgboost,0.91,26,0,48,650.0,4554.0,5204.0
25.0,chronological,xgboost,0.92,22,0,52,550.0,4659.46,5209.46
25.0,chronological,xgboost,0.93,20,0,54,500.0,4718.1900000000005,5218.1900000000005
25.0,chronological,xgboost,0.94,16,0,58,400.0,4731.61,5131.61
25.0,chronological,xgboost,0.95,9,0,65,225.0,5647.589999999999,5872.589999999999
25.0,chronological,xgboost,0.96,7,0,67,175.0,5743.51,5918.51
25.0,chronological,xgboost,0.97,4,0,70,100.0,7249.45,7349.45
25.0,chronological,xgboost,0.98,2,0,72,50.0,7377.59,7427.59
25.0,chronological,xgboost,0.99,0,0,74,0.0,7727.67,7727.67
2.0,chronological,random_forest,0.01,59,136,15,390.0,2437.69,2827.69
2.0,chronological,random_forest,0.02,57,77,17,268.0,2438.69,2706.69
2.0,chronological,random_forest,0.03,57,55,17,224.0,2438.69,2662.69
2.0,chronological,random_forest,0.04,57,46,17,206.0,2438.69,2644.69
2.0,chronological,random_forest,0.05,57,41,17,196.0,2438.69,2634.69
2.0,chronological,random_forest,0.06,57,37,17,188.0,2438.69,2626.69
2.0,chronological,random_forest,0.07,57,36,17,186.0,2438.69,2624.69
2.0,chronological,random_forest,0.08,57,34,17,182.0,2438.69,2620.69
2.0,chronological,random_forest,0.09,57,33,17,180.0,2438.69,2618.69
2.0,chronological,random_forest,0.1,57,31,17,176.0,2438.69,2614.69
2.0,chronological,random_forest,0.11,57,31,17,176.0,2438.69,2614.69
2.0,chronological,random_forest,0.12,57,31,17,176.0,2438.69,2614.69
2.0,chronological,random_forest,0.13,56,30,18,172.0,2439.45,2611.45
2.0,chronological,random_forest,0.14,56,29,18,170.0,2439.45,2609.45
2.0,chronological,random_forest,0.15,56,29,18,170.0,2439.45,2609.45
2.0,chronological,random_forest,0.16,56,27,18,166.0,2439.45,2605.45
2.0,chronological,random_forest,0.17,55,25,19,160.0,2441.67,2601.67
2.0,chronological,random_forest,0.18,55,24,19,158.0,2441.67,2599.67
2.0,chronological,random_forest,0.19,55,20,19,150.0,2441.67,2591.67
2.0,chronological,random_forest,0.2,55,17,19,144.0,2441.67,2585.67
2.0,chronological,random_forest,0.21,55,15,19,140.0,2441.67,2581.67
2.0,chronological,random_forest,0.22,55,15,19,140.0,2441.67,2581.67
2.0,chronological,random_forest,0.23,55,14,19,138.0,2441.67,2579.67
2.0,chronological,random_forest,0.24,55,14,19,138.0,2441.67,2579.67
2.0,chronological,random_forest,0.25,55,14,19,138.0,2441.67,2579.67
2.0,chronological,random_forest,0.26,55,14,19,138.0,2441.67,2579.67
2.0,chronological,random_forest,0.27,55,14,19,138.0,2441.67,2579.67
2.0,chronological,random_forest,0.28,55,13,19,136.0,2441.67,2577.67
2.0,chronological,random_forest,0.29,55,11,19,132.0,2441.67,2573.67
2.0,chronological,random_forest,0.3,55,10,19,130.0,2441.67,2571.67
2.0,chronological,random_forest,0.31,55,9,19,128.0,2441.67,2569.67
2.0,chronological,random_forest,0.32,54,8,20,124.0,2442.67,2566.67
2.0,chronological,random_forest,0.33,54,8,20,124.0,2442.67,2566.67
2.0,chronological,random_forest,0.34,54,8,20,124.0,2442.67,2566.67
2.0,chronological,random_forest,0.35,54,8,20,124.0,2442.67,2566.67
2.0,chronological,random_forest,0.36,53,8,21,122.0,2451.96,2573.96
2.0,chronological,random_forest,0.37,53,7,21,120.0,2451.96,2571.96
2.0,chronological,random_forest,0.38,53,5,21,116.0,2451.96,2567.96
2.0,chronological,random_forest,0.39,53,4,21,114.0,2451.96,2565.96
2.0,chronological,random_forest,0.4,53,4,21,114.0,2451.96,2565.96
2.0,chronological,random_forest,0.41,53,4,21,114.0,2451.96,2565.96
2.0,chronological,random_forest,0.42,50,4,24,108.0,3741.5999999999995,3849.5999999999995
2.0,chronological,random_forest,0.43,50,4,24,108.0,3741.5999999999995,3849.5999999999995
2.0,chronological,random_forest,0.44,49,4,25,106.0,3978.86,4084.86
2.0,chronological,random_forest,0.45,49,4,25,106.0,3978.86,4084.86
2.0,chronological,random_forest,0.46,49,4,25,106.0,3978.86,4084.86
2.0,chronological,random_forest,0.47,48,3,26,102.0,4274.86,4376.86
2.0,chronological,random_forest,0.48,48,1,26,98.0,4274.86,4372.86
2.0,chronological,random_forest,0.49,48,1,26,98.0,4274.86,4372.86
2.0,chronological,random_forest,0.5,48,1,26,98.0,4274.86,4372.86
2.0,chronological,random_forest,0.51,48,1,26,98.0,4274.86,4372.86
2.0,chronological,random_forest,0.52,46,1,28,94.0,4658.94,4752.94
2.0,chronological,random_forest,0.53,46,1,28,94.0,4658.94,4752.94
2.0,chronological,random_forest,0.54,46,1,28,94.0,4658.94,4752.94
2.0,chronological,random_forest,0.55,45,1,29,92.0,4663.839999999999,4755.839999999999
2.0,chronological,random_forest,0.56,45,1,29,92.0,4663.839999999999,4755.839999999999
2.0,chronological,random_forest,0.57,44,1,30,90.0,6168.7699999999995,6258.7699999999995
2.0,chronological,random_forest,0.58,44,1,30,90.0,6168.7699999999995,6258.7699999999995
2.0,chronological,random_forest,0.59,43,1,31,88.0,6170.36,6258.36
2.0,chronological,random_forest,0.6,42,1,32,86.0,6170.360000000001,6256.360000000001
2.0,chronological,random_forest,0.61,41,1,33,84.0,6172.36,6256.36
2.0,chronological,random_forest,0.62,40,1,34,82.0,6250.25,6332.25
2.0,chronological,random_forest,0.63,38,1,36,78.0,6295.2,6373.2
2.0,chronological,random_forest,0.64,38,1,36,78.0,6295.2,6373.2
2.0,chronological,random_forest,0.65,38,1,36,78.0,6295.2,6373.2
2.0,chronological,random_forest,0.66,37,1,37,76.0,6451.2,6527.2
2.0,chronological,random_forest,0.67,37,1,37,76.0,6451.2,6527.2
2.0,chronological,random_forest,0.68,37,1,37,76.0,6451.2,6527.2
2.0,chronological,random_forest,0.69,35,1,39,72.0,6501.2,6573.2
2.0,chronological,random_forest,0.7,34,1,40,70.0,6501.2,6571.2
2.0,chronological,random_forest,0.71,34,1,40,70.0,6501.2,6571.2
2.0,chronological,random_forest,0.72,33,1,41,68.0,6596.0199999999995,6664.0199999999995
2.0,chronological,random_forest,0.73,31,1,43,64.0,6597.55,6661.55
2.0,chronological,random_forest,0.74,30,1,44,62.0,6598.31,6660.31
2.0,chronological,random_forest,0.75,28,1,46,58.0,6650.780000000001,6708.780000000001
2.0,chronological,random_forest,0.76,28,1,46,58.0,6650.780000000001,6708.780000000001
2.0,chronological,random_forest,0.77,28,1,46,58.0,6650.780000000001,6708.780000000001
2.0,chronological,random_forest,0.78,26,0,48,52.0,6652.32,6704.32
2.0,chronological,random_forest,0.79,25,0,49,50.0,6653.09,6703.09
2.0,chronological,random_forest,0.8,23,0,51,46.0,6654.629999999999,6700.629999999999
2.0,chronological,random_forest,0.81,23,0,51,46.0,6654.629999999999,6700.629999999999
2.0,chronological,random_forest,0.82,21,0,53,42.0,6778.080000000001,6820.080000000001
2.0,chronological,random_forest,0.83,19,0,55,38.0,6906.4,6944.4
2.0,chronological,random_forest,0.84,13,0,61,26.0,7543.55,7569.55
2.0,chronological,random_forest,0.85,11,0,63,22.0,7639.14,7661.14
2.0,chronological,random_forest,0.86,10,0,64,20.0,7643.04,7663.04
2.0,chronological,random_forest,0.87,7,0,67,14.0,7645.8,7659.8
2.0,chronological,random_forest,0.88,5,0,69,10.0,7704.530000000001,7714.530000000001
2.0,chronological,random_forest,0.89,1,0,73,2.0,7726.67,7728.67
2.0,chronological,random_forest,0.9,1,0,73,2.0,7726.67,7728.67
2.0,chronological,random_forest,0.91,0,0,74,0.0,7727.67,7727.67
2.0,chronological,random_forest,0.92,0,0,74,0.0,7727.67,7727.67
2.0,chronological,random_forest,0.93,0,0,74,0.0,7727.67,7727.67
2.0,chronological,random_forest,0.94,0,0,74,0.0,7727.67,7727.67
2.0,chronological,random_forest,0.95,0,0,74,0.0,7727.67,7727.67
2.0,chronological,random_forest,0.96,0,0,74,0.0,7727.67,7727.67
2.0,chronological,random_forest,0.97,0,0,74,0.0,7727.67,7727.67
2.0,chronological,random_forest,0.98,0,0,74,0.0,7727.67,7727.67
2.0,chronological,random_forest,0.99,0,0,74,0.0,7727.67,7727.67
5.0,chronological,random_forest,0.01,59,136,15,975.0,2437.69,3412.69
5.0,chronological,random_forest,0.02,57,77,17,670.0,2438.69,3108.69
5.0,chronological,random_forest,0.03,57,55,17,560.0,2438.69,2998.69
5.0,chronological,random_forest,0.04,57,46,17,515.0,2438.69,2953.69
5.0,chronological,random_forest,0.05,57,41,17,490.0,2438.69,2928.69
5.0,chronological,random_forest,0.06,57,37,17,470.0,2438.69,2908.69
5.0,chronological,random_forest,0.07,57,36,17,465.0,2438.69,2903.69
5.0,chronological,random_forest,0.08,57,34,17,455.0,2438.69,2893.69
5.0,chronological,random_forest,0.09,57,33,17,450.0,2438.69,2888.69
5.0,chronological,random_forest,0.1,57,31,17,440.0,2438.69,2878.69
5.0,chronological,random_forest,0.11,57,31,17,440.0,2438.69,2878.69
5.0,chronological,random_forest,0.12,57,31,17,440.0,2438.69,2878.69
5.0,chronological,random_forest,0.13,56,30,18,430.0,2439.45,2869.45
5.0,chronological,random_forest,0.14,56,29,18,425.0,2439.45,2864.45
5.0,chronological,random_forest,0.15,56,29,18,425.0,2439.45,2864.45
5.0,chronological,random_forest,0.16,56,27,18,415.0,2439.45,2854.45
5.0,chronological,random_forest,0.17,55,25,19,400.0,2441.67,2841.67
5.0,chronological,random_forest,0.18,55,24,19,395.0,2441.67,2836.67
5.0,chronological,random_forest,0.19,55,20,19,375.0,2441.67,2816.67
5.0,chronological,random_forest,0.2,55,17,19,360.0,2441.67,2801.67
5.0,chronological,random_forest,0.21,55,15,19,350.0,2441.67,2791.67
5.0,chronological,random_forest,0.22,55,15,19,350.0,2441.67,2791.67
5.0,chronological,random_forest,0.23,55,14,19,345.0,2441.67,2786.67
5.0,chronological,random_forest,0.24,55,14,19,345.0,2441.67,2786.67
5.0,chronological,random_forest,0.25,55,14,19,345.0,2441.67,2786.67
5.0,chronological,random_forest,0.26,55,14,19,345.0,2441.67,2786.67
5.0,chronological,random_forest,0.27,55,14,19,345.0,2441.67,2786.67
5.0,chronological,random_forest,0.28,55,13,19,340.0,2441.67,2781.67
5.0,chronological,random_forest,0.29,55,11,19,330.0,2441.67,2771.67
5.0,chronological,random_forest,0.3,55,10,19,325.0,2441.67,2766.67
5.0,chronological,random_forest,0.31,55,9,19,320.0,2441.67,2761.67
5.0,chronological,random_forest,0.32,54,8,20,310.0,2442.67,2752.67
5.0,chronological,random_forest,0.33,54,8,20,310.0,2442.67,2752.67
5.0,chronological,random_forest,0.34,54,8,20,310.0,2442.67,2752.67
5.0,chronological,random_forest,0.35,54,8,20,310.0,2442.67,2752.67
5.0,chronological,random_forest,0.36,53,8,21,305.0,2451.96,2756.96
5.0,chronological,random_forest,0.37,53,7,21,300.0,2451.96,2751.96
5.0,chronological,random_forest,0.38,53,5,21,290.0,2451.96,2741.96
5.0,chronological,random_forest,0.39,53,4,21,285.0,2451.96,2736.96
5.0,chronological,random_forest,0.4,53,4,21,285.0,2451.96,2736.96
5.0,chronological,random_forest,0.41,53,4,21,285.0,2451.96,2736.96
5.0,chronological,random_forest,0.42,50,4,24,270.0,3741.5999999999995,4011.5999999999995
5.0,chronological,random_forest,0.43,50,4,24,270.0,3741.5999999999995,4011.5999999999995
5.0,chronological,random_forest,0.44,49,4,25,265.0,3978.86,4243.860000000001
5.0,chronological,random_forest,0.45,49,4,25,265.0,3978.86,4243.860000000001
5.0,chronological,random_forest,0.46,49,4,25,265.0,3978.86,4243.860000000001
5.0,chronological,random_forest,0.47,48,3,26,255.0,4274.86,4529.86
5.0,chronological,random_forest,0.48,48,1,26,245.0,4274.86,4519.86
5.0,chronological,random_forest,0.49,48,1,26,245.0,4274.86,4519.86
5.0,chronological,random_forest,0.5,48,1,26,245.0,4274.86,4519.86
5.0,chronological,random_forest,0.51,48,1,26,245.0,4274.86,4519.86
5.0,chronological,random_forest,0.52,46,1,28,235.0,4658.94,4893.94
5.0,chronological,random_forest,0.53,46,1,28,235.0,4658.94,4893.94
5.0,chronological,random_forest,0.54,46,1,28,235.0,4658.94,4893.94
5.0,chronological,random_forest,0.55,45,1,29,230.0,4663.839999999999,4893.839999999999
5.0,chronological,random_forest,0.56,45,1,29,230.0,4663.839999999999,4893.839999999999
5.0,chronological,random_forest,0.57,44,1,30,225.0,6168.7699999999995,6393.7699999999995
5.0,chronological,random_forest,0.58,44,1,30,225.0,6168.7699999999995,6393.7699999999995
5.0,chronological,random_forest,0.59,43,1,31,220.0,6170.36,6390.36
5.0,chronological,random_forest,0.6,42,1,32,215.0,6170.360000000001,6385.360000000001
5.0,chronological,random_forest,0.61,41,1,33,210.0,6172.36,6382.36
5.0,chronological,random_forest,0.62,40,1,34,205.0,6250.25,6455.25
5.0,chronological,random_forest,0.63,38,1,36,195.0,6295.2,6490.2
5.0,chronological,random_forest,0.64,38,1,36,195.0,6295.2,6490.2
5.0,chronological,random_forest,0.65,38,1,36,195.0,6295.2,6490.2
5.0,chronological,random_forest,0.66,37,1,37,190.0,6451.2,6641.2
5.0,chronological,random_forest,0.67,37,1,37,190.0,6451.2,6641.2
5.0,chronological,random_forest,0.68,37,1,37,190.0,6451.2,6641.2
5.0,chronological,random_forest,0.69,35,1,39,180.0,6501.2,6681.2
5.0,chronological,random_forest,0.7,34,1,40,175.0,6501.2,6676.2
5.0,chronological,random_forest,0.71,34,1,40,175.0,6501.2,6676.2
5.0,chronological,random_forest,0.72,33,1,41,170.0,6596.0199999999995,6766.0199999999995
5.0,chronological,random_forest,0.73,31,1,43,160.0,6597.55,6757.55
5.0,chronological,random_forest,0.74,30,1,44,155.0,6598.31,6753.31
5.0,chronological,random_forest,0.75,28,1,46,145.0,6650.780000000001,6795.780000000001
5.0,chronological,random_forest,0.76,28,1,46,145.0,6650.780000000001,6795.780000000001
5.0,chronological,random_forest,0.77,28,1,46,145.0,6650.780000000001,6795.780000000001
5.0,chronological,random_forest,0.78,26,0,48,130.0,6652.32,6782.32
5.0,chronological,random_forest,0.79,25,0,49,125.0,6653.09,6778.09
5.0,chronological,random_forest,0.8,23,0,51,115.0,6654.629999999999,6769.629999999999
5.0,chronological,random_forest,0.81,23,0,51,115.0,6654.629999999999,6769.629999999999
5.0,chronological,random_forest,0.82,21,0,53,105.0,6778.080000000001,6883.080000000001
5.0,chronological,random_forest,0.83,19,0,55,95.0,6906.4,7001.4
5.0,chronological,random_forest,0.84,13,0,61,65.0,7543.55,7608.55
5.0,chronological,random_forest,0.85,11,0,63,55.0,7639.14,7694.14
5.0,chronological,random_forest,0.86,10,0,64,50.0,7643.04,7693.04
5.0,chronological,random_forest,0.87,7,0,67,35.0,7645.8,7680.8
5.0,chronological,random_forest,0.88,5,0,69,25.0,7704.530000000001,7729.530000000001
5.0,chronological,random_forest,0.89,1,0,73,5.0,7726.67,7731.67
5.0,chronological,random_forest,0.9,1,0,73,5.0,7726.67,7731.67
5.0,chronological,random_forest,0.91,0,0,74,0.0,7727.67,7727.67
5.0,chronological,random_forest,0.92,0,0,74,0.0,7727.67,7727.67
5.0,chronological,random_forest,0.93,0,0,74,0.0,7727.67,7727.67
5.0,chronological,random_forest,0.94,0,0,74,0.0,7727.67,7727.67
5.0,chronological,random_forest,0.95,0,0,74,0.0,7727.67,7727.67
5.0,chronological,random_forest,0.96,0,0,74,0.0,7727.67,7727.67
5.0,chronological,random_forest,0.97,0,0,74,0.0,7727.67,7727.67
5.0,chronological,random_forest,0.98,0,0,74,0.0,7727.67,7727.67
5.0,chronological,random_forest,0.99,0,0,74,0.0,7727.67,7727.67
10.0,chronological,random_forest,0.01,59,136,15,1950.0,2437.69,4387.6900000000005
10.0,chronological,random_forest,0.02,57,77,17,1340.0,2438.69,3778.69
10.0,chronological,random_forest,0.03,57,55,17,1120.0,2438.69,3558.69
10.0,chronological,random_forest,0.04,57,46,17,1030.0,2438.69,3468.69
10.0,chronological,random_forest,0.05,57,41,17,980.0,2438.69,3418.69
10.0,chronological,random_forest,0.06,57,37,17,940.0,2438.69,3378.69
10.0,chronological,random_forest,0.07,57,36,17,930.0,2438.69,3368.69
10.0,chronological,random_forest,0.08,57,34,17,910.0,2438.69,3348.69
10.0,chronological,random_forest,0.09,57,33,17,900.0,2438.69,3338.69
10.0,chronological,random_forest,0.1,57,31,17,880.0,2438.69,3318.69
10.0,chronological,random_forest,0.11,57,31,17,880.0,2438.69,3318.69
10.0,chronological,random_forest,0.12,57,31,17,880.0,2438.69,3318.69
10.0,chronological,random_forest,0.13,56,30,18,860.0,2439.45,3299.45
10.0,chronological,random_forest,0.14,56,29,18,850.0,2439.45,3289.45
10.0,chronological,random_forest,0.15,56,29,18,850.0,2439.45,3289.45
10.0,chronological,random_forest,0.16,56,27,18,830.0,2439.45,3269.45
10.0,chronological,random_forest,0.17,55,25,19,800.0,2441.67,3241.67
10.0,chronological,random_forest,0.18,55,24,19,790.0,2441.67,3231.67
10.0,chronological,random_forest,0.19,55,20,19,750.0,2441.67,3191.67
10.0,chronological,random_forest,0.2,55,17,19,720.0,2441.67,3161.67
10.0,chronological,random_forest,0.21,55,15,19,700.0,2441.67,3141.67
10.0,chronological,random_forest,0.22,55,15,19,700.0,2441.67,3141.67
10.0,chronological,random_forest,0.23,55,14,19,690.0,2441.67,3131.67
10.0,chronological,random_forest,0.24,55,14,19,690.0,2441.67,3131.67
10.0,chronological,random_forest,0.25,55,14,19,690.0,2441.67,3131.67
10.0,chronological,random_forest,0.26,55,14,19,690.0,2441.67,3131.67
10.0,chronological,random_forest,0.27,55,14,19,690.0,2441.67,3131.67
10.0,chronological,random_forest,0.28,55,13,19,680.0,2441.67,3121.67
10.0,chronological,random_forest,0.29,55,11,19,660.0,2441.67,3101.67
10.0,chronological,random_forest,0.3,55,10,19,650.0,2441.67,3091.67
10.0,chronological,random_forest,0.31,55,9,19,640.0,2441.67,3081.67
10.0,chronological,random_forest,0.32,54,8,20,620.0,2442.67,3062.67
10.0,chronological,random_forest,0.33,54,8,20,620.0,2442.67,3062.67
10.0,chronological,random_forest,0.34,54,8,20,620.0,2442.67,3062.67
10.0,chronological,random_forest,0.35,54,8,20,620.0,2442.67,3062.67
10.0,chronological,random_forest,0.36,53,8,21,610.0,2451.96,3061.96
10.0,chronological,random_forest,0.37,53,7,21,600.0,2451.96,3051.96
10.0,chronological,random_forest,0.38,53,5,21,580.0,2451.96,3031.96
10.0,chronological,random_forest,0.39,53,4,21,570.0,2451.96,3021.96
10.0,chronological,random_forest,0.4,53,4,21,570.0,2451.96,3021.96
10.0,chronological,random_forest,0.41,53,4,21,570.0,2451.96,3021.96
10.0,chronological,random_forest,0.42,50,4,24,540.0,3741.5999999999995,4281.599999999999
10.0,chronological,random_forest,0.43,50,4,24,540.0,3741.5999999999995,4281.599999999999
10.0,chronological,random_forest,0.44,49,4,25,530.0,3978.86,4508.860000000001
10.0,chronological,random_forest,0.45,49,4,25,530.0,3978.86,4508.860000000001
10.0,chronological,random_forest,0.46,49,4,25,530.0,3978.86,4508.860000000001
10.0,chronological,random_forest,0.47,48,3,26,510.0,4274.86,4784.86
10.0,chronological,random_forest,0.48,48,1,26,490.0,4274.86,4764.86
10.0,chronological,random_forest,0.49,48,1,26,490.0,4274.86,4764.86
10.0,chronological,random_forest,0.5,48,1,26,490.0,4274.86,4764.86
10.0,chronological,random_forest,0.51,48,1,26,490.0,4274.86,4764.86
10.0,chronological,random_forest,0.52,46,1,28,470.0,4658.94,5128.94
10.0,chronological,random_forest,0.53,46,1,28,470.0,4658.94,5128.94
10.0,chronological,random_forest,0.54,46,1,28,470.0,4658.94,5128.94
10.0,chronological,random_forest,0.55,45,1,29,460.0,4663.839999999999,5123.839999999999
10.0,chronological,random_forest,0.56,45,1,29,460.0,4663.839999999999,5123.839999999999
10.0,chronological,random_forest,0.57,44,1,30,450.0,6168.7699999999995,6618.7699999999995
10.0,chronological,random_forest,0.58,44,1,30,450.0,6168.7699999999995,6618.7699999999995
10.0,chronological,random_forest,0.59,43,1,31,440.0,6170.36,6610.36
10.0,chronological,random_forest,0.6,42,1,32,430.0,6170.360000000001,6600.360000000001
10.0,chronological,random_forest,0.61,41,1,33,420.0,6172.36,6592.36
10.0,chronological,random_forest,0.62,40,1,34,410.0,6250.25,6660.25
10.0,chronological,random_forest,0.63,38,1,36,390.0,6295.2,6685.2
10.0,chronological,random_forest,0.64,38,1,36,390.0,6295.2,6685.2
10.0,chronological,random_forest,0.65,38,1,36,390.0,6295.2,6685.2
10.0,chronological,random_forest,0.66,37,1,37,380.0,6451.2,6831.2
10.0,chronological,random_forest,0.67,37,1,37,380.0,6451.2,6831.2
10.0,chronological,random_forest,0.68,37,1,37,380.0,6451.2,6831.2
10.0,chronological,random_forest,0.69,35,1,39,360.0,6501.2,6861.2
10.0,chronological,random_forest,0.7,34,1,40,350.0,6501.2,6851.2
10.0,chronological,random_forest,0.71,34,1,40,350.0,6501.2,6851.2
10.0,chronological,random_forest,0.72,33,1,41,340.0,6596.0199999999995,6936.0199999999995
10.0,chronological,random_forest,0.73,31,1,43,320.0,6597.55,6917.55
10.0,chronological,random_forest,0.74,30,1,44,310.0,6598.31,6908.31
10.0,chronological,random_forest,0.75,28,1,46,290.0,6650.780000000001,6940.780000000001
10.0,chronological,random_forest,0.76,28,1,46,290.0,6650.780000000001,6940.780000000001
10.0,chronological,random_forest,0.77,28,1,46,290.0,6650.780000000001,6940.780000000001
10.0,chronological,random_forest,0.78,26,0,48,260.0,6652.32,6912.32
10.0,chronological,random_forest,0.79,25,0,49,250.0,6653.09,6903.09
10.0,chronological,random_forest,0.8,23,0,51,230.0,6654.629999999999,6884.629999999999
10.0,chronological,random_forest,0.81,23,0,51,230.0,6654.629999999999,6884.629999999999
10.0,chronological,random_forest,0.82,21,0,53,210.0,6778.080000000001,6988.080000000001
10.0,chronological,random_forest,0.83,19,0,55,190.0,6906.4,7096.4
10.0,chronological,random_forest,0.84,13,0,61,130.0,7543.55,7673.55
10.0,chronological,random_forest,0.85,11,0,63,110.0,7639.14,7749.14
10.0,chronological,random_forest,0.86,10,0,64,100.0,7643.04,7743.04
10.0,chronological,random_forest,0.87,7,0,67,70.0,7645.8,7715.8
10.0,chronological,random_forest,0.88,5,0,69,50.0,7704.530000000001,7754.530000000001
10.0,chronological,random_forest,0.89,1,0,73,10.0,7726.67,7736.67
10.0,chronological,random_forest,0.9,1,0,73,10.0,7726.67,7736.67
10.0,chronological,random_forest,0.91,0,0,74,0.0,7727.67,7727.67
10.0,chronological,random_forest,0.92,0,0,74,0.0,7727.67,7727.67
10.0,chronological,random_forest,0.93,0,0,74,0.0,7727.67,7727.67
10.0,chronological,random_forest,0.94,0,0,74,0.0,7727.67,7727.67
10.0,chronological,random_forest,0.95,0,0,74,0.0,7727.67,7727.67
10.0,chronological,random_forest,0.96,0,0,74,0.0,7727.67,7727.67
10.0,chronological,random_forest,0.97,0,0,74,0.0,7727.67,7727.67
10.0,chronological,random_forest,0.98,0,0,74,0.0,7727.67,7727.67
10.0,chronological,random_forest,0.99,0,0,74,0.0,7727.67,7727.67
25.0,chronological,random_forest,0.01,59,136,15,4875.0,2437.69,7312.6900000000005
25.0,chronological,random_forest,0.02,57,77,17,3350.0,2438.69,5788.6900000000005
25.0,chronological,random_forest,0.03,57,55,17,2800.0,2438.69,5238.6900000000005
25.0,chronological,random_forest,0.04,57,46,17,2575.0,2438.69,5013.6900000000005
25.0,chronological,random_forest,0.05,57,41,17,2450.0,2438.69,4888.6900000000005
25.0,chronological,random_forest,0.06,57,37,17,2350.0,2438.69,4788.6900000000005
25.0,chronological,random_forest,0.07,57,36,17,2325.0,2438.69,4763.6900000000005
25.0,chronological,random_forest,0.08,57,34,17,2275.0,2438.69,4713.6900000000005
25.0,chronological,random_forest,0.09,57,33,17,2250.0,2438.69,4688.6900000000005
25.0,chronological,random_forest,0.1,57,31,17,2200.0,2438.69,4638.6900000000005
25.0,chronological,random_forest,0.11,57,31,17,2200.0,2438.69,4638.6900000000005
25.0,chronological,random_forest,0.12,57,31,17,2200.0,2438.69,4638.6900000000005
25.0,chronological,random_forest,0.13,56,30,18,2150.0,2439.45,4589.45
25.0,chronological,random_forest,0.14,56,29,18,2125.0,2439.45,4564.45
25.0,chronological,random_forest,0.15,56,29,18,2125.0,2439.45,4564.45
25.0,chronological,random_forest,0.16,56,27,18,2075.0,2439.45,4514.45
25.0,chronological,random_forest,0.17,55,25,19,2000.0,2441.67,4441.67
25.0,chronological,random_forest,0.18,55,24,19,1975.0,2441.67,4416.67
25.0,chronological,random_forest,0.19,55,20,19,1875.0,2441.67,4316.67
25.0,chronological,random_forest,0.2,55,17,19,1800.0,2441.67,4241.67
25.0,chronological,random_forest,0.21,55,15,19,1750.0,2441.67,4191.67
25.0,chronological,random_forest,0.22,55,15,19,1750.0,2441.67,4191.67
25.0,chronological,random_forest,0.23,55,14,19,1725.0,2441.67,4166.67
25.0,chronological,random_forest,0.24,55,14,19,1725.0,2441.67,4166.67
25.0,chronological,random_forest,0.25,55,14,19,1725.0,2441.67,4166.67
25.0,chronological,random_forest,0.26,55,14,19,1725.0,2441.67,4166.67
25.0,chronological,random_forest,0.27,55,14,19,1725.0,2441.67,4166.67
25.0,chronological,random_forest,0.28,55,13,19,1700.0,2441.67,4141.67
25.0,chronological,random_forest,0.29,55,11,19,1650.0,2441.67,4091.67
25.0,chronological,random_forest,0.3,55,10,19,1625.0,2441.67,4066.67
25.0,chronological,random_forest,0.31,55,9,19,1600.0,2441.67,4041.67
25.0,chronological,random_forest,0.32,54,8,20,1550.0,2442.67,3992.67
25.0,chronological,random_forest,0.33,54,8,20,1550.0,2442.67,3992.67
25.0,chronological,random_forest,0.34,54,8,20,1550.0,2442.67,3992.67
25.0,chronological,random_forest,0.35,54,8,20,1550.0,2442.67,3992.67
25.0,chronological,random_forest,0.36,53,8,21,1525.0,2451.96,3976.96
25.0,chronological,random_forest,0.37,53,7,21,1500.0,2451.96,3951.96
25.0,chronological,random_forest,0.38,53,5,21,1450.0,2451.96,3901.96
25.0,chronological,random_forest,0.39,53,4,21,1425.0,2451.96,3876.96
25.0,chronological,random_forest,0.4,53,4,21,1425.0,2451.96,3876.96
25.0,chronological,random_forest,0.41,53,4,21,1425.0,2451.96,3876.96
25.0,chronological,random_forest,0.42,50,4,24,1350.0,3741.5999999999995,5091.599999999999
25.0,chronological,random_forest,0.43,50,4,24,1350.0,3741.5999999999995,5091.599999999999
25.0,chronological,random_forest,0.44,49,4,25,1325.0,3978.86,5303.860000000001
25.0,chronological,random_forest,0.45,49,4,25,1325.0,3978.86,5303.860000000001
25.0,chronological,random_forest,0.46,49,4,25,1325.0,3978.86,5303.860000000001
25.0,chronological,random_forest,0.47,48,3,26,1275.0,4274.86,5549.86
25.0,chronological,random_forest,0.48,48,1,26,1225.0,4274.86,5499.86
25.0,chronological,random_forest,0.49,48,1,26,1225.0,4274.86,5499.86
25.0,chronological,random_forest,0.5,48,1,26,1225.0,4274.86,5499.86
25.0,chronological,random_forest,0.51,48,1,26,1225.0,4274.86,5499.86
25.0,chronological,random_forest,0.52,46,1,28,1175.0,4658.94,5833.94
25.0,chronological,random_forest,0.53,46,1,28,1175.0,4658.94,5833.94
25.0,chronological,random_forest,0.54,46,1,28,1175.0,4658.94,5833.94
25.0,chronological,random_forest,0.55,45,1,29,1150.0,4663.839999999999,5813.839999999999
25.0,chronological,random_forest,0.56,45,1,29,1150.0,4663.839999999999,5813.839999999999
25.0,chronological,random_forest,0.57,44,1,30,1125.0,6168.7699999999995,7293.7699999999995
25.0,chronological,random_forest,0.58,44,1,30,1125.0,6168.7699999999995,7293.7699999999995
25.0,chronological,random_forest,0.59,43,1,31,1100.0,6170.36,7270.36
25.0,chronological,random_forest,0.6,42,1,32,1075.0,6170.360000000001,7245.360000000001
25.0,chronological,random_forest,0.61,41,1,33,1050.0,6172.36,7222.36
25.0,chronological,random_forest,0.62,40,1,34,1025.0,6250.25,7275.25
25.0,chronological,random_forest,0.63,38,1,36,975.0,6295.2,7270.2
25.0,chronological,random_forest,0.64,38,1,36,975.0,6295.2,7270.2
25.0,chronological,random_forest,0.65,38,1,36,975.0,6295.2,7270.2
25.0,chronological,random_forest,0.66,37,1,37,950.0,6451.2,7401.2
25.0,chronological,random_forest,0.67,37,1,37,950.0,6451.2,7401.2
25.0,chronological,random_forest,0.68,37,1,37,950.0,6451.2,7401.2
25.0,chronological,random_forest,0.69,35,1,39,900.0,6501.2,7401.2
25.0,chronological,random_forest,0.7,34,1,40,875.0,6501.2,7376.2
25.0,chronological,random_forest,0.71,34,1,40,875.0,6501.2,7376.2
25.0,chronological,random_forest,0.72,33,1,41,850.0,6596.0199999999995,7446.0199999999995
25.0,chronological,random_forest,0.73,31,1,43,800.0,6597.55,7397.55
25.0,chronological,random_forest,0.74,30,1,44,775.0,6598.31,7373.31
25.0,chronological,random_forest,0.75,28,1,46,725.0,6650.780000000001,7375.780000000001
25.0,chronological,random_forest,0.76,28,1,46,725.0,6650.780000000001,7375.780000000001
25.0,chronological,random_forest,0.77,28,1,46,725.0,6650.780000000001,7375.780000000001
25.0,chronological,random_forest,0.78,26,0,48,650.0,6652.32,7302.32
25.0,chronological,random_forest,0.79,25,0,49,625.0,6653.09,7278.09
25.0,chronological,random_forest,0.8,23,0,51,575.0,6654.629999999999,7229.629999999999
25.0,chronological,random_forest,0.81,23,0,51,575.0,6654.629999999999,7229.629999999999
25.0,chronological,random_forest,0.82,21,0,53,525.0,6778.080000000001,7303.080000000001
25.0,chronological,random_forest,0.83,19,0,55,475.0,6906.4,7381.4
25.0,chronological,random_forest,0.84,13,0,61,325.0,7543.55,7868.55
25.0,chronological,random_forest,0.85,11,0,63,275.0,7639.14,7914.14
25.0,chronological,random_forest,0.86,10,0,64,250.0,7643.04,7893.04
25.0,chronological,random_forest,0.87,7,0,67,175.0,7645.8,7820.8
25.0,chronological,random_forest,0.88,5,0,69,125.0,7704.530000000001,7829.530000000001
25.0,chronological,random_forest,0.89,1,0,73,25.0,7726.67,7751.67
25.0,chronological,random_forest,0.9,1,0,73,25.0,7726.67,7751.67
25.0,chronological,random_forest,0.91,0,0,74,0.0,7727.67,7727.67
25.0,chronological,random_forest,0.92,0,0,74,0.0,7727.67,7727.67
25.0,chronological,random_forest,0.93,0,0,74,0.0,7727.67,7727.67
25.0,chronological,random_forest,0.94,0,0,74,0.0,7727.67,7727.67
25.0,chronological,random_forest,0.95,0,0,74,0.0,7727.67,7727.67
25.0,chronological,random_forest,0.96,0,0,74,0.0,7727.67,7727.67
25.0,chronological,random_forest,0.97,0,0,74,0.0,7727.67,7727.67
25.0,chronological,random_forest,0.98,0,0,74,0.0,7727.67,7727.67
25.0,chronological,random_forest,0.99,0,0,74,0.0,7727.67,7727.67
2.0,chronological,logistic_regression,0.01,62,96,12,316.0,2370.4199999999996,2686.4199999999996
2.0,chronological,logistic_regression,0.02,60,55,14,230.0,2614.7400000000002,2844.7400000000002
2.0,chronological,logistic_regression,0.03,57,39,17,192.0,2875.9100000000003,3067.9100000000003
2.0,chronological,logistic_regression,0.04,56,25,18,162.0,2883.9100000000003,3045.9100000000003
2.0,chronological,logistic_regression,0.05,53,21,21,148.0,3002.46,3150.46
2.0,chronological,logistic_regression,0.06,53,18,21,142.0,3002.46,3144.46
2.0,chronological,logistic_regression,0.07,52,15,22,134.0,3004.6800000000003,3138.6800000000003
2.0,chronological,logistic_regression,0.08,51,15,23,132.0,4000.9500000000007,4132.950000000001
2.0,chronological,logistic_regression,0.09,51,15,23,132.0,4000.9500000000007,4132.950000000001
2.0,chronological,logistic_regression,0.1,51,15,23,132.0,4000.9500000000007,4132.950000000001
2.0,chronological,logistic_regression,0.11,50,14,24,128.0,4005.85,4133.85
2.0,chronological,logistic_regression,0.12,50,14,24,128.0,4005.85,4133.85
2.0,chronological,logistic_regression,0.13,50,14,24,128.0,4005.85,4133.85
2.0,chronological,logistic_regression,0.14,49,14,25,126.0,4006.8500000000004,4132.85
2.0,chronological,logistic_regression,0.15,47,14,27,122.0,4057.61,4179.610000000001
2.0,chronological,logistic_regression,0.16,47,14,27,122.0,4057.61,4179.610000000001
2.0,chronological,logistic_regression,0.17,46,14,28,120.0,4066.8999999999996,4186.9
2.0,chronological,logistic_regression,0.18,45,14,29,118.0,4222.900000000001,4340.900000000001
2.0,chronological,logistic_regression,0.19,45,14,29,118.0,4222.900000000001,4340.900000000001
2.0,chronological,logistic_regression,0.2,44,14,30,116.0,4518.9,4634.9
2.0,chronological,logistic_regression,0.21,44,14,30,116.0,4518.9,4634.9
2.0,chronological,logistic_regression,0.22,44,14,30,116.0,4518.9,4634.9
2.0,chronological,logistic_regression,0.23,44,14,30,116.0,4518.9,4634.9
2.0,chronological,logistic_regression,0.24,44,14,30,116.0,4518.9,4634.9
2.0,chronological,logistic_regression,0.25,43,14,31,114.0,4867.98,4981.98
2.0,chronological,logistic_regression,0.26,43,13,31,112.0,4867.98,4979.98
2.0,chronological,logistic_regression,0.27,43,13,31,112.0,4867.98,4979.98
2.0,chronological,logistic_regression,0.28,42,12,32,108.0,4919.35,5027.35
2.0,chronological,logistic_regression,0.29,42,12,32,108.0,4919.35,5027.35
2.0,chronological,logistic_regression,0.3,42,12,32,108.0,4919.35,5027.35
2.0,chronological,logistic_regression,0.31,41,9,33,100.0,4959.329999999999,5059.329999999999
2.0,chronological,logistic_regression,0.32,41,8,33,98.0,4959.329999999999,5057.329999999999
2.0,chronological,logistic_regression,0.33,41,6,33,94.0,4959.329999999999,5053.329999999999
2.0,chronological,logistic_regression,0.34,41,6,33,94.0,4959.329999999999,5053.329999999999
2.0,chronological,logistic_regression,0.35,41,4,33,90.0,4959.329999999999,5049.329999999999
2.0,chronological,logistic_regression,0.36,41,4,33,90.0,4959.329999999999,5049.329999999999
2.0,chronological,logistic_regression,0.37,40,4,34,88.0,4994.33,5082.33
2.0,chronological,logistic_regression,0.38,40,4,34,88.0,4994.33,5082.33
2.0,chronological,logistic_regression,0.39,40,4,34,88.0,4994.33,5082.33
2.0,chronological,logistic_regression,0.4,39,3,35,84.0,5039.84,5123.84
2.0,chronological,logistic_regression,0.41,39,3,35,84.0,5039.84,5123.84
2.0,chronological,logistic_regression,0.42,39,3,35,84.0,5039.84,5123.84
2.0,chronological,logistic_regression,0.43,37,3,37,80.0,5168.9800000000005,5248.9800000000005
2.0,chronological,logistic_regression,0.44,37,3,37,80.0,5168.9800000000005,5248.9800000000005
2.0,chronological,logistic_regression,0.45,37,3,37,80.0,5168.9800000000005,5248.9800000000005
2.0,chronological,logistic_regression,0.46,37,3,37,80.0,5168.9800000000005,5248.9800000000005
2.0,chronological,logistic_regression,0.47,37,3,37,80.0,5168.9800000000005,5248.9800000000005
2.0,chronological,logistic_regression,0.48,37,3,37,80.0,5168.9800000000005,5248.9800000000005
2.0,chronological,logistic_regression,0.49,36,2,38,76.0,6673.910000000001,6749.910000000001
2.0,chronological,logistic_regression,0.5,36,2,38,76.0,6673.910000000001,6749.910000000001
2.0,chronological,logistic_regression,0.51,35,1,39,72.0,6918.910000000001,6990.910000000001
2.0,chronological,logistic_regression,0.52,35,1,39,72.0,6918.910000000001,6990.910000000001
2.0,chronological,logistic_regression,0.53,35,1,39,72.0,6918.910000000001,6990.910000000001
2.0,chronological,logistic_regression,0.54,34,1,40,70.0,6919.67,6989.67
2.0,chronological,logistic_regression,0.55,34,1,40,70.0,6919.67,6989.67
2.0,chronological,logistic_regression,0.56,34,1,40,70.0,6919.67,6989.67
2.0,chronological,logistic_regression,0.57,33,1,41,68.0,7309.67,7377.67
2.0,chronological,logistic_regression,0.58,33,1,41,68.0,7309.67,7377.67
2.0,chronological,logistic_regression,0.59,33,1,41,68.0,7309.67,7377.67
2.0,chronological,logistic_regression,0.6,33,1,41,68.0,7309.67,7377.67
2.0,chronological,logistic_regression,0.61,33,1,41,68.0,7309.67,7377.67
2.0,chronological,logistic_regression,0.62,33,1,41,68.0,7309.67,7377.67
2.0,chronological,logistic_regression,0.63,33,1,41,68.0,7309.67,7377.67
2.0,chronological,logistic_regression,0.64,33,1,41,68.0,7309.67,7377.67
2.0,chronological,logistic_regression,0.65,33,1,41,68.0,7309.67,7377.67
2.0,chronological,logistic_regression,0.66,33,1,41,68.0,7309.67,7377.67
2.0,chronological,logistic_regression,0.67,33,1,41,68.0,7309.67,7377.67
2.0,chronological,logistic_regression,0.68,33,1,41,68.0,7309.67,7377.67
2.0,chronological,logistic_regression,0.69,33,1,41,68.0,7309.67,7377.67
2.0,chronological,logistic_regression,0.7,33,1,41,68.0,7309.67,7377.67
2.0,chronological,logistic_regression,0.71,33,1,41,68.0,7309.67,7377.67
2.0,chronological,logistic_regression,0.72,33,1,41,68.0,7309.67,7377.67
2.0,chronological,logistic_regression,0.73,32,1,42,66.0,7320.37,7386.37
2.0,chronological,logistic_regression,0.74,32,1,42,66.0,7320.37,7386.37
2.0,chronological,logistic_regression,0.75,32,1,42,66.0,7320.37,7386.37
2.0,chronological,logistic_regression,0.76,32,1,42,66.0,7320.37,7386.37
2.0,chronological,logistic_regression,0.77,32,1,42,66.0,7320.37,7386.37
2.0,chronological,logistic_regression,0.78,30,1,44,62.0,7420.16,7482.16
2.0,chronological,logistic_regression,0.79,30,1,44,62.0,7420.16,7482.16
2.0,chronological,logistic_regression,0.8,29,1,45,60.0,7421.75,7481.75
2.0,chronological,logistic_regression,0.81,29,1,45,60.0,7421.75,7481.75
2.0,chronological,logistic_regression,0.82,28,1,46,58.0,7544.43,7602.43
2.0,chronological,logistic_regression,0.83,28,1,46,58.0,7544.43,7602.43
2.0,chronological,logistic_regression,0.84,28,1,46,58.0,7544.43,7602.43
2.0,chronological,logistic_regression,0.85,28,1,46,58.0,7544.43,7602.43
2.0,chronological,logistic_regression,0.86,28,1,46,58.0,7544.43,7602.43
2.0,chronological,logistic_regression,0.87,28,1,46,58.0,7544.43,7602.43
2.0,chronological,logistic_regression,0.88,27,1,47,56.0,7544.43,7600.43
2.0,chronological,logistic_regression,0.89,25,1,49,52.0,7549.089999999999,7601.089999999999
2.0,chronological,logistic_regression,0.9,24,1,50,50.0,7606.82,7656.82
2.0,chronological,logistic_regression,0.91,24,1,50,50.0,7606.82,7656.82
2.0,chronological,logistic_regression,0.92,24,1,50,50.0,7606.82,7656.82
2.0,chronological,logistic_regression,0.93,23,1,51,48.0,7701.639999999999,7749.639999999999
2.0,chronological,logistic_regression,0.94,22,1,52,46.0,7702.02,7748.02
2.0,chronological,logistic_regression,0.95,20,1,54,42.0,7702.030000000001,7744.030000000001
2.0,chronological,logistic_regression,0.96,18,1,56,38.0,7703.209999999999,7741.209999999999
2.0,chronological,logistic_regression,0.97,18,1,56,38.0,7703.209999999999,7741.209999999999
2.0,chronological,logistic_regression,0.98,15,1,59,32.0,7711.82,7743.82
2.0,chronological,logistic_regression,0.99,15,1,59,32.0,7711.82,7743.82
5.0,chronological,logistic_regression,0.01,62,96,12,790.0,2370.4199999999996,3160.4199999999996
5.0,chronological,logistic_regression,0.02,60,55,14,575.0,2614.7400000000002,3189.7400000000002
5.0,chronological,logistic_regression,0.03,57,39,17,480.0,2875.9100000000003,3355.9100000000003
5.0,chronological,logistic_regression,0.04,56,25,18,405.0,2883.9100000000003,3288.9100000000003
5.0,chronological,logistic_regression,0.05,53,21,21,370.0,3002.46,3372.46
5.0,chronological,logistic_regression,0.06,53,18,21,355.0,3002.46,3357.46
5.0,chronological,logistic_regression,0.07,52,15,22,335.0,3004.6800000000003,3339.6800000000003
5.0,chronological,logistic_regression,0.08,51,15,23,330.0,4000.9500000000007,4330.950000000001
5.0,chronological,logistic_regression,0.09,51,15,23,330.0,4000.9500000000007,4330.950000000001
5.0,chronological,logistic_regression,0.1,51,15,23,330.0,4000.9500000000007,4330.950000000001
5.0,chronological,logistic_regression,0.11,50,14,24,320.0,4005.85,4325.85
5.0,chronological,logistic_regression,0.12,50,14,24,320.0,4005.85,4325.85
5.0,chronological,logistic_regression,0.13,50,14,24,320.0,4005.85,4325.85
5.0,chronological,logistic_regression,0.14,49,14,25,315.0,4006.8500000000004,4321.85
5.0,chronological,logistic_regression,0.15,47,14,27,305.0,4057.61,4362.610000000001
5.0,chronological,logistic_regression,0.16,47,14,27,305.0,4057.61,4362.610000000001
5.0,chronological,logistic_regression,0.17,46,14,28,300.0,4066.8999999999996,4366.9
5.0,chronological,logistic_regression,0.18,45,14,29,295.0,4222.900000000001,4517.900000000001
5.0,chronological,logistic_regression,0.19,45,14,29,295.0,4222.900000000001,4517.900000000001
5.0,chronological,logistic_regression,0.2,44,14,30,290.0,4518.9,4808.9
5.0,chronological,logistic_regression,0.21,44,14,30,290.0,4518.9,4808.9
5.0,chronological,logistic_regression,0.22,44,14,30,290.0,4518.9,4808.9
5.0,chronological,logistic_regression,0.23,44,14,30,290.0,4518.9,4808.9
5.0,chronological,logistic_regression,0.24,44,14,30,290.0,4518.9,4808.9
5.0,chronological,logistic_regression,0.25,43,14,31,285.0,4867.98,5152.98
5.0,chronological,logistic_regression,0.26,43,13,31,280.0,4867.98,5147.98
5.0,chronological,logistic_regression,0.27,43,13,31,280.0,4867.98,5147.98
5.0,chronological,logistic_regression,0.28,42,12,32,270.0,4919.35,5189.35
5.0,chronological,logistic_regression,0.29,42,12,32,270.0,4919.35,5189.35
5.0,chronological,logistic_regression,0.3,42,12,32,270.0,4919.35,5189.35
5.0,chronological,logistic_regression,0.31,41,9,33,250.0,4959.329999999999,5209.329999999999
5.0,chronological,logistic_regression,0.32,41,8,33,245.0,4959.329999999999,5204.329999999999
5.0,chronological,logistic_regression,0.33,41,6,33,235.0,4959.329999999999,5194.329999999999
5.0,chronological,logistic_regression,0.34,41,6,33,235.0,4959.329999999999,5194.329999999999
5.0,chronological,logistic_regression,0.35,41,4,33,225.0,4959.329999999999,5184.329999999999
5.0,chronological,logistic_regression,0.36,41,4,33,225.0,4959.329999999999,5184.329999999999
5.0,chronological,logistic_regression,0.37,40,4,34,220.0,4994.33,5214.33
5.0,chronological,logistic_regression,0.38,40,4,34,220.0,4994.33,5214.33
5.0,chronological,logistic_regression,0.39,40,4,34,220.0,4994.33,5214.33
5.0,chronological,logistic_regression,0.4,39,3,35,210.0,5039.84,5249.84
5.0,chronological,logistic_regression,0.41,39,3,35,210.0,5039.84,5249.84
5.0,chronological,logistic_regression,0.42,39,3,35,210.0,5039.84,5249.84
5.0,chronological,logistic_regression,0.43,37,3,37,200.0,5168.9800000000005,5368.9800000000005
5.0,chronological,logistic_regression,0.44,37,3,37,200.0,5168.9800000000005,5368.9800000000005
5.0,chronological,logistic_regression,0.45,37,3,37,200.0,5168.9800000000005,5368.9800000000005
5.0,chronological,logistic_regression,0.46,37,3,37,200.0,5168.9800000000005,5368.9800000000005
5.0,chronological,logistic_regression,0.47,37,3,37,200.0,5168.9800000000005,5368.9800000000005
5.0,chronological,logistic_regression,0.48,37,3,37,200.0,5168.9800000000005,5368.9800000000005
5.0,chronological,logistic_regression,0.49,36,2,38,190.0,6673.910000000001,6863.910000000001
5.0,chronological,logistic_regression,0.5,36,2,38,190.0,6673.910000000001,6863.910000000001
5.0,chronological,logistic_regression,0.51,35,1,39,180.0,6918.910000000001,7098.910000000001
5.0,chronological,logistic_regression,0.52,35,1,39,180.0,6918.910000000001,7098.910000000001
5.0,chronological,logistic_regression,0.53,35,1,39,180.0,6918.910000000001,7098.910000000001
5.0,chronological,logistic_regression,0.54,34,1,40,175.0,6919.67,7094.67
5.0,chronological,logistic_regression,0.55,34,1,40,175.0,6919.67,7094.67
5.0,chronological,logistic_regression,0.56,34,1,40,175.0,6919.67,7094.67
5.0,chronological,logistic_regression,0.57,33,1,41,170.0,7309.67,7479.67
5.0,chronological,logistic_regression,0.58,33,1,41,170.0,7309.67,7479.67
5.0,chronological,logistic_regression,0.59,33,1,41,170.0,7309.67,7479.67
5.0,chronological,logistic_regression,0.6,33,1,41,170.0,7309.67,7479.67
5.0,chronological,logistic_regression,0.61,33,1,41,170.0,7309.67,7479.67
5.0,chronological,logistic_regression,0.62,33,1,41,170.0,7309.67,7479.67
5.0,chronological,logistic_regression,0.63,33,1,41,170.0,7309.67,7479.67
5.0,chronological,logistic_regression,0.64,33,1,41,170.0,7309.67,7479.67
5.0,chronological,logistic_regression,0.65,33,1,41,170.0,7309.67,7479.67
5.0,chronological,logistic_regression,0.66,33,1,41,170.0,7309.67,7479.67
5.0,chronological,logistic_regression,0.67,33,1,41,170.0,7309.67,7479.67
5.0,chronological,logistic_regression,0.68,33,1,41,170.0,7309.67,7479.67
5.0,chronological,logistic_regression,0.69,33,1,41,170.0,7309.67,7479.67
5.0,chronological,logistic_regression,0.7,33,1,41,170.0,7309.67,7479.67
5.0,chronological,logistic_regression,0.71,33,1,41,170.0,7309.67,7479.67
5.0,chronological,logistic_regression,0.72,33,1,41,170.0,7309.67,7479.67
5.0,chronological,logistic_regression,0.73,32,1,42,165.0,7320.37,7485.37
5.0,chronological,logistic_regression,0.74,32,1,42,165.0,7320.37,7485.37
5.0,chronological,logistic_regression,0.75,32,1,42,165.0,7320.37,7485.37
5.0,chronological,logistic_regression,0.76,32,1,42,165.0,7320.37,7485.37
5.0,chronological,logistic_regression,0.77,32,1,42,165.0,7320.37,7485.37
5.0,chronological,logistic_regression,0.78,30,1,44,155.0,7420.16,7575.16
5.0,chronological,logistic_regression,0.79,30,1,44,155.0,7420.16,7575.16
5.0,chronological,logistic_regression,0.8,29,1,45,150.0,7421.75,7571.75
5.0,chronological,logistic_regression,0.81,29,1,45,150.0,7421.75,7571.75
5.0,chronological,logistic_regression,0.82,28,1,46,145.0,7544.43,7689.43
5.0,chronological,logistic_regression,0.83,28,1,46,145.0,7544.43,7689.43
5.0,chronological,logistic_regression,0.84,28,1,46,145.0,7544.43,7689.43
5.0,chronological,logistic_regression,0.85,28,1,46,145.0,7544.43,7689.43
5.0,chronological,logistic_regression,0.86,28,1,46,145.0,7544.43,7689.43
5.0,chronological,logistic_regression,0.87,28,1,46,145.0,7544.43,7689.43
5.0,chronological,logistic_regression,0.88,27,1,47,140.0,7544.43,7684.43
5.0,chronological,logistic_regression,0.89,25,1,49,130.0,7549.089999999999,7679.089999999999
5.0,chronological,logistic_regression,0.9,24,1,50,125.0,7606.82,7731.82
5.0,chronological,logistic_regression,0.91,24,1,50,125.0,7606.82,7731.82
5.0,chronological,logistic_regression,0.92,24,1,50,125.0,7606.82,7731.82
5.0,chronological,logistic_regression,0.93,23,1,51,120.0,7701.639999999999,7821.639999999999
5.0,chronological,logistic_regression,0.94,22,1,52,115.0,7702.02,7817.02
5.0,chronological,logistic_regression,0.95,20,1,54,105.0,7702.030000000001,7807.030000000001
5.0,chronological,logistic_regression,0.96,18,1,56,95.0,7703.209999999999,7798.209999999999
5.0,chronological,logistic_regression,0.97,18,1,56,95.0,7703.209999999999,7798.209999999999
5.0,chronological,logistic_regression,0.98,15,1,59,80.0,7711.82,7791.82
5.0,chronological,logistic_regression,0.99,15,1,59,80.0,7711.82,7791.82
10.0,chronological,logistic_regression,0.01,62,96,12,1580.0,2370.4199999999996,3950.4199999999996
10.0,chronological,logistic_regression,0.02,60,55,14,1150.0,2614.7400000000002,3764.7400000000002
10.0,chronological,logistic_regression,0.03,57,39,17,960.0,2875.9100000000003,3835.9100000000003
10.0,chronological,logistic_regression,0.04,56,25,18,810.0,2883.9100000000003,3693.9100000000003
10.0,chronological,logistic_regression,0.05,53,21,21,740.0,3002.46,3742.46
10.0,chronological,logistic_regression,0.06,53,18,21,710.0,3002.46,3712.46
10.0,chronological,logistic_regression,0.07,52,15,22,670.0,3004.6800000000003,3674.6800000000003
10.0,chronological,logistic_regression,0.08,51,15,23,660.0,4000.9500000000007,4660.950000000001
10.0,chronological,logistic_regression,0.09,51,15,23,660.0,4000.9500000000007,4660.950000000001
10.0,chronological,logistic_regression,0.1,51,15,23,660.0,4000.9500000000007,4660.950000000001
10.0,chronological,logistic_regression,0.11,50,14,24,640.0,4005.85,4645.85
10.0,chronological,logistic_regression,0.12,50,14,24,640.0,4005.85,4645.85
10.0,chronological,logistic_regression,0.13,50,14,24,640.0,4005.85,4645.85
10.0,chronological,logistic_regression,0.14,49,14,25,630.0,4006.8500000000004,4636.85
10.0,chronological,logistic_regression,0.15,47,14,27,610.0,4057.61,4667.610000000001
10.0,chronological,logistic_regression,0.16,47,14,27,610.0,4057.61,4667.610000000001
10.0,chronological,logistic_regression,0.17,46,14,28,600.0,4066.8999999999996,4666.9
10.0,chronological,logistic_regression,0.18,45,14,29,590.0,4222.900000000001,4812.900000000001
10.0,chronological,logistic_regression,0.19,45,14,29,590.0,4222.900000000001,4812.900000000001
10.0,chronological,logistic_regression,0.2,44,14,30,580.0,4518.9,5098.9
10.0,chronological,logistic_regression,0.21,44,14,30,580.0,4518.9,5098.9
10.0,chronological,logistic_regression,0.22,44,14,30,580.0,4518.9,5098.9
10.0,chronological,logistic_regression,0.23,44,14,30,580.0,4518.9,5098.9
10.0,chronological,logistic_regression,0.24,44,14,30,580.0,4518.9,5098.9
10.0,chronological,logistic_regression,0.25,43,14,31,570.0,4867.98,5437.98
10.0,chronological,logistic_regression,0.26,43,13,31,560.0,4867.98,5427.98
10.0,chronological,logistic_regression,0.27,43,13,31,560.0,4867.98,5427.98
10.0,chronological,logistic_regression,0.28,42,12,32,540.0,4919.35,5459.35
10.0,chronological,logistic_regression,0.29,42,12,32,540.0,4919.35,5459.35
10.0,chronological,logistic_regression,0.3,42,12,32,540.0,4919.35,5459.35
10.0,chronological,logistic_regression,0.31,41,9,33,500.0,4959.329999999999,5459.329999999999
10.0,chronological,logistic_regression,0.32,41,8,33,490.0,4959.329999999999,5449.329999999999
10.0,chronological,logistic_regression,0.33,41,6,33,470.0,4959.329999999999,5429.329999999999
10.0,chronological,logistic_regression,0.34,41,6,33,470.0,4959.329999999999,5429.329999999999
10.0,chronological,logistic_regression,0.35,41,4,33,450.0,4959.329999999999,5409.329999999999
10.0,chronological,logistic_regression,0.36,41,4,33,450.0,4959.329999999999,5409.329999999999
10.0,chronological,logistic_regression,0.37,40,4,34,440.0,4994.33,5434.33
10.0,chronological,logistic_regression,0.38,40,4,34,440.0,4994.33,5434.33
10.0,chronological,logistic_regression,0.39,40,4,34,440.0,4994.33,5434.33
10.0,chronological,logistic_regression,0.4,39,3,35,420.0,5039.84,5459.84
10.0,chronological,logistic_regression,0.41,39,3,35,420.0,5039.84,5459.84
10.0,chronological,logistic_regression,0.42,39,3,35,420.0,5039.84,5459.84
10.0,chronological,logistic_regression,0.43,37,3,37,400.0,5168.9800000000005,5568.9800000000005
10.0,chronological,logistic_regression,0.44,37,3,37,400.0,5168.9800000000005,5568.9800000000005
10.0,chronological,logistic_regression,0.45,37,3,37,400.0,5168.9800000000005,5568.9800000000005
10.0,chronological,logistic_regression,0.46,37,3,37,400.0,5168.9800000000005,5568.9800000000005
10.0,chronological,logistic_regression,0.47,37,3,37,400.0,5168.9800000000005,5568.9800000000005
10.0,chronological,logistic_regression,0.48,37,3,37,400.0,5168.9800000000005,5568.9800000000005
10.0,chronological,logistic_regression,0.49,36,2,38,380.0,6673.910000000001,7053.910000000001
10.0,chronological,logistic_regression,0.5,36,2,38,380.0,6673.910000000001,7053.910000000001
10.0,chronological,logistic_regression,0.51,35,1,39,360.0,6918.910000000001,7278.910000000001
10.0,chronological,logistic_regression,0.52,35,1,39,360.0,6918.910000000001,7278.910000000001
10.0,chronological,logistic_regression,0.53,35,1,39,360.0,6918.910000000001,7278.910000000001
10.0,chronological,logistic_regression,0.54,34,1,40,350.0,6919.67,7269.67
10.0,chronological,logistic_regression,0.55,34,1,40,350.0,6919.67,7269.67
10.0,chronological,logistic_regression,0.56,34,1,40,350.0,6919.67,7269.67
10.0,chronological,logistic_regression,0.57,33,1,41,340.0,7309.67,7649.67
10.0,chronological,logistic_regression,0.58,33,1,41,340.0,7309.67,7649.67
10.0,chronological,logistic_regression,0.59,33,1,41,340.0,7309.67,7649.67
10.0,chronological,logistic_regression,0.6,33,1,41,340.0,7309.67,7649.67
10.0,chronological,logistic_regression,0.61,33,1,41,340.0,7309.67,7649.67
10.0,chronological,logistic_regression,0.62,33,1,41,340.0,7309.67,7649.67
10.0,chronological,logistic_regression,0.63,33,1,41,340.0,7309.67,7649.67
10.0,chronological,logistic_regression,0.64,33,1,41,340.0,7309.67,7649.67
10.0,chronological,logistic_regression,0.65,33,1,41,340.0,7309.67,7649.67
10.0,chronological,logistic_regression,0.66,33,1,41,340.0,7309.67,7649.67
10.0,chronological,logistic_regression,0.67,33,1,41,340.0,7309.67,7649.67
10.0,chronological,logistic_regression,0.68,33,1,41,340.0,7309.67,7649.67
10.0,chronological,logistic_regression,0.69,33,1,41,340.0,7309.67,7649.67
10.0,chronological,logistic_regression,0.7,33,1,41,340.0,7309.67,7649.67
10.0,chronological,logistic_regression,0.71,33,1,41,340.0,7309.67,7649.67
10.0,chronological,logistic_regression,0.72,33,1,41,340.0,7309.67,7649.67
10.0,chronological,logistic_regression,0.73,32,1,42,330.0,7320.37,7650.37
10.0,chronological,logistic_regression,0.74,32,1,42,330.0,7320.37,7650.37
10.0,chronological,logistic_regression,0.75,32,1,42,330.0,7320.37,7650.37
10.0,chronological,logistic_regression,0.76,32,1,42,330.0,7320.37,7650.37
10.0,chronological,logistic_regression,0.77,32,1,42,330.0,7320.37,7650.37
10.0,chronological,logistic_regression,0.78,30,1,44,310.0,7420.16,7730.16
10.0,chronological,logistic_regression,0.79,30,1,44,310.0,7420.16,7730.16
10.0,chronological,logistic_regression,0.8,29,1,45,300.0,7421.75,7721.75
10.0,chronological,logistic_regression,0.81,29,1,45,300.0,7421.75,7721.75
10.0,chronological,logistic_regression,0.82,28,1,46,290.0,7544.43,7834.43
10.0,chronological,logistic_regression,0.83,28,1,46,290.0,7544.43,7834.43
10.0,chronological,logistic_regression,0.84,28,1,46,290.0,7544.43,7834.43
10.0,chronological,logistic_regression,0.85,28,1,46,290.0,7544.43,7834.43
10.0,chronological,logistic_regression,0.86,28,1,46,290.0,7544.43,7834.43
10.0,chronological,logistic_regression,0.87,28,1,46,290.0,7544.43,7834.43
10.0,chronological,logistic_regression,0.88,27,1,47,280.0,7544.43,7824.43
10.0,chronological,logistic_regression,0.89,25,1,49,260.0,7549.089999999999,7809.089999999999
10.0,chronological,logistic_regression,0.9,24,1,50,250.0,7606.82,7856.82
10.0,chronological,logistic_regression,0.91,24,1,50,250.0,7606.82,7856.82
10.0,chronological,logistic_regression,0.92,24,1,50,250.0,7606.82,7856.82
10.0,chronological,logistic_regression,0.93,23,1,51,240.0,7701.639999999999,7941.639999999999
10.0,chronological,logistic_regression,0.94,22,1,52,230.0,7702.02,7932.02
10.0,chronological,logistic_regression,0.95,20,1,54,210.0,7702.030000000001,7912.030000000001
10.0,chronological,logistic_regression,0.96,18,1,56,190.0,7703.209999999999,7893.209999999999
10.0,chronological,logistic_regression,0.97,18,1,56,190.0,7703.209999999999,7893.209999999999
10.0,chronological,logistic_regression,0.98,15,1,59,160.0,7711.82,7871.82
10.0,chronological,logistic_regression,0.99,15,1,59,160.0,7711.82,7871.82
25.0,chronological,logistic_regression,0.01,62,96,12,3950.0,2370.4199999999996,6320.42
25.0,chronological,logistic_regression,0.02,60,55,14,2875.0,2614.7400000000002,5489.74
25.0,chronological,logistic_regression,0.03,57,39,17,2400.0,2875.9100000000003,5275.91
25.0,chronological,logistic_regression,0.04,56,25,18,2025.0,2883.9100000000003,4908.91
25.0,chronological,logistic_regression,0.05,53,21,21,1850.0,3002.46,4852.46
25.0,chronological,logistic_regression,0.06,53,18,21,1775.0,3002.46,4777.46
25.0,chronological,logistic_regression,0.07,52,15,22,1675.0,3004.6800000000003,4679.68
25.0,chronological,logistic_regression,0.08,51,15,23,1650.0,4000.9500000000007,5650.950000000001
25.0,chronological,logistic_regression,0.09,51,15,23,1650.0,4000.9500000000007,5650.950000000001
25.0,chronological,logistic_regression,0.1,51,15,23,1650.0,4000.9500000000007,5650.950000000001
25.0,chronological,logistic_regression,0.11,50,14,24,1600.0,4005.85,5605.85
25.0,chronological,logistic_regression,0.12,50,14,24,1600.0,4005.85,5605.85
25.0,chronological,logistic_regression,0.13,50,14,24,1600.0,4005.85,5605.85
25.0,chronological,logistic_regression,0.14,49,14,25,1575.0,4006.8500000000004,5581.85
25.0,chronological,logistic_regression,0.15,47,14,27,1525.0,4057.61,5582.610000000001
25.0,chronological,logistic_regression,0.16,47,14,27,1525.0,4057.61,5582.610000000001
25.0,chronological,logistic_regression,0.17,46,14,28,1500.0,4066.8999999999996,5566.9
25.0,chronological,logistic_regression,0.18,45,14,29,1475.0,4222.900000000001,5697.900000000001
25.0,chronological,logistic_regression,0.19,45,14,29,1475.0,4222.900000000001,5697.900000000001
25.0,chronological,logistic_regression,0.2,44,14,30,1450.0,4518.9,5968.9
25.0,chronological,logistic_regression,0.21,44,14,30,1450.0,4518.9,5968.9
25.0,chronological,logistic_regression,0.22,44,14,30,1450.0,4518.9,5968.9
25.0,chronological,logistic_regression,0.23,44,14,30,1450.0,4518.9,5968.9
25.0,chronological,logistic_regression,0.24,44,14,30,1450.0,4518.9,5968.9
25.0,chronological,logistic_regression,0.25,43,14,31,1425.0,4867.98,6292.98
25.0,chronological,logistic_regression,0.26,43,13,31,1400.0,4867.98,6267.98
25.0,chronological,logistic_regression,0.27,43,13,31,1400.0,4867.98,6267.98
25.0,chronological,logistic_regression,0.28,42,12,32,1350.0,4919.35,6269.35
25.0,chronological,logistic_regression,0.29,42,12,32,1350.0,4919.35,6269.35
25.0,chronological,logistic_regression,0.3,42,12,32,1350.0,4919.35,6269.35
25.0,chronological,logistic_regression,0.31,41,9,33,1250.0,4959.329999999999,6209.329999999999
25.0,chronological,logistic_regression,0.32,41,8,33,1225.0,4959.329999999999,6184.329999999999
25.0,chronological,logistic_regression,0.33,41,6,33,1175.0,4959.329999999999,6134.329999999999
25.0,chronological,logistic_regression,0.34,41,6,33,1175.0,4959.329999999999,6134.329999999999
25.0,chronological,logistic_regression,0.35,41,4,33,1125.0,4959.329999999999,6084.329999999999
25.0,chronological,logistic_regression,0.36,41,4,33,1125.0,4959.329999999999,6084.329999999999
25.0,chronological,logistic_regression,0.37,40,4,34,1100.0,4994.33,6094.33
25.0,chronological,logistic_regression,0.38,40,4,34,1100.0,4994.33,6094.33
25.0,chronological,logistic_regression,0.39,40,4,34,1100.0,4994.33,6094.33
25.0,chronological,logistic_regression,0.4,39,3,35,1050.0,5039.84,6089.84
25.0,chronological,logistic_regression,0.41,39,3,35,1050.0,5039.84,6089.84
25.0,chronological,logistic_regression,0.42,39,3,35,1050.0,5039.84,6089.84
25.0,chronological,logistic_regression,0.43,37,3,37,1000.0,5168.9800000000005,6168.9800000000005
25.0,chronological,logistic_regression,0.44,37,3,37,1000.0,5168.9800000000005,6168.9800000000005
25.0,chronological,logistic_regression,0.45,37,3,37,1000.0,5168.9800000000005,6168.9800000000005
25.0,chronological,logistic_regression,0.46,37,3,37,1000.0,5168.9800000000005,6168.9800000000005
25.0,chronological,logistic_regression,0.47,37,3,37,1000.0,5168.9800000000005,6168.9800000000005
25.0,chronological,logistic_regression,0.48,37,3,37,1000.0,5168.9800000000005,6168.9800000000005
25.0,chronological,logistic_regression,0.49,36,2,38,950.0,6673.910000000001,7623.910000000001
25.0,chronological,logistic_regression,0.5,36,2,38,950.0,6673.910000000001,7623.910000000001
25.0,chronological,logistic_regression,0.51,35,1,39,900.0,6918.910000000001,7818.910000000001
25.0,chronological,logistic_regression,0.52,35,1,39,900.0,6918.910000000001,7818.910000000001
25.0,chronological,logistic_regression,0.53,35,1,39,900.0,6918.910000000001,7818.910000000001
25.0,chronological,logistic_regression,0.54,34,1,40,875.0,6919.67,7794.67
25.0,chronological,logistic_regression,0.55,34,1,40,875.0,6919.67,7794.67
25.0,chronological,logistic_regression,0.56,34,1,40,875.0,6919.67,7794.67
25.0,chronological,logistic_regression,0.57,33,1,41,850.0,7309.67,8159.67
25.0,chronological,logistic_regression,0.58,33,1,41,850.0,7309.67,8159.67
25.0,chronological,logistic_regression,0.59,33,1,41,850.0,7309.67,8159.67
25.0,chronological,logistic_regression,0.6,33,1,41,850.0,7309.67,8159.67
25.0,chronological,logistic_regression,0.61,33,1,41,850.0,7309.67,8159.67
25.0,chronological,logistic_regression,0.62,33,1,41,850.0,7309.67,8159.67
25.0,chronological,logistic_regression,0.63,33,1,41,850.0,7309.67,8159.67
25.0,chronological,logistic_regression,0.64,33,1,41,850.0,7309.67,8159.67
25.0,chronological,logistic_regression,0.65,33,1,41,850.0,7309.67,8159.67
25.0,chronological,logistic_regression,0.66,33,1,41,850.0,7309.67,8159.67
25.0,chronological,logistic_regression,0.67,33,1,41,850.0,7309.67,8159.67
25.0,chronological,logistic_regression,0.68,33,1,41,850.0,7309.67,8159.67
25.0,chronological,logistic_regression,0.69,33,1,41,850.0,7309.67,8159.67
25.0,chronological,logistic_regression,0.7,33,1,41,850.0,7309.67,8159.67
25.0,chronological,logistic_regression,0.71,33,1,41,850.0,7309.67,8159.67
25.0,chronological,logistic_regression,0.72,33,1,41,850.0,7309.67,8159.67
25.0,chronological,logistic_regression,0.73,32,1,42,825.0,7320.37,8145.37
25.0,chronological,logistic_regression,0.74,32,1,42,825.0,7320.37,8145.37
25.0,chronological,logistic_regression,0.75,32,1,42,825.0,7320.37,8145.37
25.0,chronological,logistic_regression,0.76,32,1,42,825.0,7320.37,8145.37
25.0,chronological,logistic_regression,0.77,32,1,42,825.0,7320.37,8145.37
25.0,chronological,logistic_regression,0.78,30,1,44,775.0,7420.16,8195.16
25.0,chronological,logistic_regression,0.79,30,1,44,775.0,7420.16,8195.16
25.0,chronological,logistic_regression,0.8,29,1,45,750.0,7421.75,8171.75
25.0,chronological,logistic_regression,0.81,29,1,45,750.0,7421.75,8171.75
25.0,chronological,logistic_regression,0.82,28,1,46,725.0,7544.43,8269.43
25.0,chronological,logistic_regression,0.83,28,1,46,725.0,7544.43,8269.43
25.0,chronological,logistic_regression,0.84,28,1,46,725.0,7544.43,8269.43
25.0,chronological,logistic_regression,0.85,28,1,46,725.0,7544.43,8269.43
25.0,chronological,logistic_regression,0.86,28,1,46,725.0,7544.43,8269.43
25.0,chronological,logistic_regression,0.87,28,1,46,725.0,7544.43,8269.43
25.0,chronological,logistic_regression,0.88,27,1,47,700.0,7544.43,8244.43
25.0,chronological,logistic_regression,0.89,25,1,49,650.0,7549.089999999999,8199.09
25.0,chronological,logistic_regression,0.9,24,1,50,625.0,7606.82,8231.82
25.0,chronological,logistic_regression,0.91,24,1,50,625.0,7606.82,8231.82
25.0,chronological,logistic_regression,0.92,24,1,50,625.0,7606.82,8231.82
25.0,chronological,logistic_regression,0.93,23,1,51,600.0,7701.639999999999,8301.64
25.0,chronological,logistic_regression,0.94,22,1,52,575.0,7702.02,8277.02
25.0,chronological,logistic_regression,0.95,20,1,54,525.0,7702.030000000001,8227.03
25.0,chronological,logistic_regression,0.96,18,1,56,475.0,7703.209999999999,8178.209999999999
25.0,chronological,logistic_regression,0.97,18,1,56,475.0,7703.209999999999,8178.209999999999
25.0,chronological,logistic_regression,0.98,15,1,59,400.0,7711.82,8111.82
25.0,chronological,logistic_regression,0.99,15,1,59,400.0,7711.82,8111.82
2.0,chronological,dnn,0.01,56,13,18,138.0,2641.8700000000003,2779.8700000000003
2.0,chronological,dnn,0.02,55,9,19,128.0,2642.63,2770.63
2.0,chronological,dnn,0.03,55,7,19,124.0,2642.63,2766.63
2.0,chronological,dnn,0.04,54,7,20,122.0,2650.6299999999997,2772.6299999999997
2.0,chronological,dnn,0.05,54,5,20,118.0,2650.6299999999997,2768.6299999999997
2.0,chronological,dnn,0.06,53,3,21,112.0,2651.39,2763.39
2.0,chronological,dnn,0.07,53,2,21,110.0,2651.39,2761.39
2.0,chronological,dnn,0.08,53,2,21,110.0,2651.39,2761.39
2.0,chronological,dnn,0.09,52,2,22,108.0,2729.2799999999997,2837.2799999999997
2.0,chronological,dnn,0.1,52,2,22,108.0,2729.2799999999997,2837.2799999999997
2.0,chronological,dnn,0.11,52,2,22,108.0,2729.2799999999997,2837.2799999999997
2.0,chronological,dnn,0.12,52,2,22,108.0,2729.2799999999997,2837.2799999999997
2.0,chronological,dnn,0.13,52,2,22,108.0,2729.2799999999997,2837.2799999999997
2.0,chronological,dnn,0.14,51,2,23,106.0,2966.54,3072.54
2.0,chronological,dnn,0.15,51,2,23,106.0,2966.54,3072.54
2.0,chronological,dnn,0.16,50,2,24,104.0,3006.4399999999996,3110.4399999999996
2.0,chronological,dnn,0.17,50,2,24,104.0,3006.4399999999996,3110.4399999999996
2.0,chronological,dnn,0.18,50,2,24,104.0,3006.4399999999996,3110.4399999999996
2.0,chronological,dnn,0.19,50,2,24,104.0,3006.4399999999996,3110.4399999999996
2.0,chronological,dnn,0.2,50,2,24,104.0,3006.4399999999996,3110.4399999999996
2.0,chronological,dnn,0.21,50,2,24,104.0,3006.4399999999996,3110.4399999999996
2.0,chronological,dnn,0.22,50,2,24,104.0,3006.4399999999996,3110.4399999999996
2.0,chronological,dnn,0.23,50,2,24,104.0,3006.4399999999996,3110.4399999999996
2.0,chronological,dnn,0.24,49,2,25,102.0,3051.9500000000003,3153.9500000000003
2.0,chronological,dnn,0.25,49,2,25,102.0,3051.9500000000003,3153.9500000000003
2.0,chronological,dnn,0.26,49,2,25,102.0,3051.9500000000003,3153.9500000000003
2.0,chronological,dnn,0.27,49,2,25,102.0,3051.9500000000003,3153.9500000000003
2.0,chronological,dnn,0.28,49,2,25,102.0,3051.9500000000003,3153.9500000000003
2.0,chronological,dnn,0.29,49,2,25,102.0,3051.9500000000003,3153.9500000000003
2.0,chronological,dnn,0.3,49,2,25,102.0,3051.9500000000003,3153.9500000000003
2.0,chronological,dnn,0.31,49,1,25,100.0,3051.9500000000003,3151.9500000000003
2.0,chronological,dnn,0.32,47,1,27,96.0,4083.2200000000003,4179.22
2.0,chronological,dnn,0.33,47,1,27,96.0,4083.2200000000003,4179.22
2.0,chronological,dnn,0.34,46,1,28,94.0,4088.19,4182.1900000000005
2.0,chronological,dnn,0.35,46,1,28,94.0,4088.19,4182.1900000000005
2.0,chronological,dnn,0.36,46,1,28,94.0,4088.19,4182.1900000000005
2.0,chronological,dnn,0.37,46,1,28,94.0,4088.19,4182.1900000000005
2.0,chronological,dnn,0.38,46,1,28,94.0,4088.19,4182.1900000000005
2.0,chronological,dnn,0.39,46,1,28,94.0,4088.19,4182.1900000000005
2.0,chronological,dnn,0.4,46,1,28,94.0,4088.19,4182.1900000000005
2.0,chronological,dnn,0.41,46,1,28,94.0,4088.19,4182.1900000000005
2.0,chronological,dnn,0.42,46,1,28,94.0,4088.19,4182.1900000000005
2.0,chronological,dnn,0.43,45,1,29,92.0,4088.1900000000005,4180.1900000000005
2.0,chronological,dnn,0.44,45,1,29,92.0,4088.1900000000005,4180.1900000000005
2.0,chronological,dnn,0.45,45,1,29,92.0,4088.1900000000005,4180.1900000000005
2.0,chronological,dnn,0.46,45,1,29,92.0,4088.1900000000005,4180.1900000000005
2.0,chronological,dnn,0.47,45,1,29,92.0,4088.1900000000005,4180.1900000000005
2.0,chronological,dnn,0.48,45,1,29,92.0,4088.1900000000005,4180.1900000000005
2.0,chronological,dnn,0.49,45,1,29,92.0,4088.1900000000005,4180.1900000000005
2.0,chronological,dnn,0.5,45,1,29,92.0,4088.1900000000005,4180.1900000000005
2.0,chronological,dnn,0.51,45,1,29,92.0,4088.1900000000005,4180.1900000000005
2.0,chronological,dnn,0.52,45,1,29,92.0,4088.1900000000005,4180.1900000000005
2.0,chronological,dnn,0.53,45,1,29,92.0,4088.1900000000005,4180.1900000000005
2.0,chronological,dnn,0.54,45,1,29,92.0,4088.1900000000005,4180.1900000000005
2.0,chronological,dnn,0.55,44,1,30,90.0,4333.19,4423.19
2.0,chronological,dnn,0.56,44,1,30,90.0,4333.19,4423.19
2.0,chronological,dnn,0.57,44,1,30,90.0,4333.19,4423.19
2.0,chronological,dnn,0.58,43,1,31,88.0,4338.089999999999,4426.089999999999
2.0,chronological,dnn,0.59,42,0,32,84.0,4634.09,4718.09
2.0,chronological,dnn,0.6,42,0,32,84.0,4634.09,4718.09
2.0,chronological,dnn,0.61,40,0,34,80.0,4634.86,4714.86
2.0,chronological,dnn,0.62,40,0,34,80.0,4634.86,4714.86
2.0,chronological,dnn,0.63,40,0,34,80.0,4634.86,4714.86
2.0,chronological,dnn,0.64,40,0,34,80.0,4634.86,4714.86
2.0,chronological,dnn,0.65,38,0,36,76.0,5026.45,5102.45
2.0,chronological,dnn,0.66,38,0,36,76.0,5026.45,5102.45
2.0,chronological,dnn,0.67,38,0,36,76.0,5026.45,5102.45
2.0,chronological,dnn,0.68,37,0,37,74.0,5026.45,5100.45
2.0,chronological,dnn,0.69,36,0,38,72.0,5149.13,5221.13
2.0,chronological,dnn,0.7,36,0,38,72.0,5149.13,5221.13
2.0,chronological,dnn,0.71,35,0,39,70.0,5200.5,5270.5
2.0,chronological,dnn,0.72,34,0,40,68.0,5201.26,5269.26
2.0,chronological,dnn,0.73,33,0,41,66.0,5210.55,5276.55
2.0,chronological,dnn,0.74,33,0,41,66.0,5210.55,5276.55
2.0,chronological,dnn,0.75,33,0,41,66.0,5210.55,5276.55
2.0,chronological,dnn,0.76,33,0,41,66.0,5210.55,5276.55
2.0,chronological,dnn,0.77,32,0,42,64.0,5559.63,5623.63
2.0,chronological,dnn,0.78,31,0,43,62.0,7064.5599999999995,7126.5599999999995
2.0,chronological,dnn,0.79,30,0,44,60.0,7114.5599999999995,7174.5599999999995
2.0,chronological,dnn,0.8,30,0,44,60.0,7114.5599999999995,7174.5599999999995
2.0,chronological,dnn,0.81,29,0,45,58.0,7114.9400000000005,7172.9400000000005
2.0,chronological,dnn,0.82,28,0,46,56.0,7209.76,7265.76
2.0,chronological,dnn,0.83,25,0,49,50.0,7433.719999999999,7483.719999999999
2.0,chronological,dnn,0.84,24,0,50,48.0,7473.7,7521.7
2.0,chronological,dnn,0.85,23,0,51,46.0,7477.6,7523.6
2.0,chronological,dnn,0.86,23,0,51,46.0,7477.6,7523.6
2.0,chronological,dnn,0.87,23,0,51,46.0,7477.6,7523.6
2.0,chronological,dnn,0.88,22,0,52,44.0,7478.370000000001,7522.370000000001
2.0,chronological,dnn,0.89,20,0,54,40.0,7485.870000000001,7525.870000000001
2.0,chronological,dnn,0.9,19,0,55,38.0,7487.05,7525.05
2.0,chronological,dnn,0.91,19,0,55,38.0,7487.05,7525.05
2.0,chronological,dnn,0.92,18,0,56,36.0,7643.049999999999,7679.049999999999
2.0,chronological,dnn,0.93,15,0,59,30.0,7648.509999999999,7678.509999999999
2.0,chronological,dnn,0.94,13,0,61,26.0,7659.9800000000005,7685.9800000000005
2.0,chronological,dnn,0.95,12,0,62,24.0,7660.75,7684.75
2.0,chronological,dnn,0.96,9,0,65,18.0,7720.02,7738.02
2.0,chronological,dnn,0.97,8,0,66,16.0,7720.79,7736.79
2.0,chronological,dnn,0.98,6,0,68,12.0,7721.57,7733.57
2.0,chronological,dnn,0.99,5,0,69,10.0,7722.67,7732.67
5.0,chronological,dnn,0.01,56,13,18,345.0,2641.8700000000003,2986.8700000000003
5.0,chronological,dnn,0.02,55,9,19,320.0,2642.63,2962.63
5.0,chronological,dnn,0.03,55,7,19,310.0,2642.63,2952.63
5.0,chronological,dnn,0.04,54,7,20,305.0,2650.6299999999997,2955.6299999999997
5.0,chronological,dnn,0.05,54,5,20,295.0,2650.6299999999997,2945.6299999999997
5.0,chronological,dnn,0.06,53,3,21,280.0,2651.39,2931.39
5.0,chronological,dnn,0.07,53,2,21,275.0,2651.39,2926.39
5.0,chronological,dnn,0.08,53,2,21,275.0,2651.39,2926.39
5.0,chronological,dnn,0.09,52,2,22,270.0,2729.2799999999997,2999.2799999999997
5.0,chronological,dnn,0.1,52,2,22,270.0,2729.2799999999997,2999.2799999999997
5.0,chronological,dnn,0.11,52,2,22,270.0,2729.2799999999997,2999.2799999999997
5.0,chronological,dnn,0.12,52,2,22,270.0,2729.2799999999997,2999.2799999999997
5.0,chronological,dnn,0.13,52,2,22,270.0,2729.2799999999997,2999.2799999999997
5.0,chronological,dnn,0.14,51,2,23,265.0,2966.54,3231.54
5.0,chronological,dnn,0.15,51,2,23,265.0,2966.54,3231.54
5.0,chronological,dnn,0.16,50,2,24,260.0,3006.4399999999996,3266.4399999999996
5.0,chronological,dnn,0.17,50,2,24,260.0,3006.4399999999996,3266.4399999999996
5.0,chronological,dnn,0.18,50,2,24,260.0,3006.4399999999996,3266.4399999999996
5.0,chronological,dnn,0.19,50,2,24,260.0,3006.4399999999996,3266.4399999999996
5.0,chronological,dnn,0.2,50,2,24,260.0,3006.4399999999996,3266.4399999999996
5.0,chronological,dnn,0.21,50,2,24,260.0,3006.4399999999996,3266.4399999999996
5.0,chronological,dnn,0.22,50,2,24,260.0,3006.4399999999996,3266.4399999999996
5.0,chronological,dnn,0.23,50,2,24,260.0,3006.4399999999996,3266.4399999999996
5.0,chronological,dnn,0.24,49,2,25,255.0,3051.9500000000003,3306.9500000000003
5.0,chronological,dnn,0.25,49,2,25,255.0,3051.9500000000003,3306.9500000000003
5.0,chronological,dnn,0.26,49,2,25,255.0,3051.9500000000003,3306.9500000000003
5.0,chronological,dnn,0.27,49,2,25,255.0,3051.9500000000003,3306.9500000000003
5.0,chronological,dnn,0.28,49,2,25,255.0,3051.9500000000003,3306.9500000000003
5.0,chronological,dnn,0.29,49,2,25,255.0,3051.9500000000003,3306.9500000000003
5.0,chronological,dnn,0.3,49,2,25,255.0,3051.9500000000003,3306.9500000000003
5.0,chronological,dnn,0.31,49,1,25,250.0,3051.9500000000003,3301.9500000000003
5.0,chronological,dnn,0.32,47,1,27,240.0,4083.2200000000003,4323.22
5.0,chronological,dnn,0.33,47,1,27,240.0,4083.2200000000003,4323.22
5.0,chronological,dnn,0.34,46,1,28,235.0,4088.19,4323.1900000000005
5.0,chronological,dnn,0.35,46,1,28,235.0,4088.19,4323.1900000000005
5.0,chronological,dnn,0.36,46,1,28,235.0,4088.19,4323.1900000000005
5.0,chronological,dnn,0.37,46,1,28,235.0,4088.19,4323.1900000000005
5.0,chronological,dnn,0.38,46,1,28,235.0,4088.19,4323.1900000000005
5.0,chronological,dnn,0.39,46,1,28,235.0,4088.19,4323.1900000000005
5.0,chronological,dnn,0.4,46,1,28,235.0,4088.19,4323.1900000000005
5.0,chronological,dnn,0.41,46,1,28,235.0,4088.19,4323.1900000000005
5.0,chronological,dnn,0.42,46,1,28,235.0,4088.19,4323.1900000000005
5.0,chronological,dnn,0.43,45,1,29,230.0,4088.1900000000005,4318.1900000000005
5.0,chronological,dnn,0.44,45,1,29,230.0,4088.1900000000005,4318.1900000000005
5.0,chronological,dnn,0.45,45,1,29,230.0,4088.1900000000005,4318.1900000000005
5.0,chronological,dnn,0.46,45,1,29,230.0,4088.1900000000005,4318.1900000000005
5.0,chronological,dnn,0.47,45,1,29,230.0,4088.1900000000005,4318.1900000000005
5.0,chronological,dnn,0.48,45,1,29,230.0,4088.1900000000005,4318.1900000000005
5.0,chronological,dnn,0.49,45,1,29,230.0,4088.1900000000005,4318.1900000000005
5.0,chronological,dnn,0.5,45,1,29,230.0,4088.1900000000005,4318.1900000000005
5.0,chronological,dnn,0.51,45,1,29,230.0,4088.1900000000005,4318.1900000000005
5.0,chronological,dnn,0.52,45,1,29,230.0,4088.1900000000005,4318.1900000000005
5.0,chronological,dnn,0.53,45,1,29,230.0,4088.1900000000005,4318.1900000000005
5.0,chronological,dnn,0.54,45,1,29,230.0,4088.1900000000005,4318.1900000000005
5.0,chronological,dnn,0.55,44,1,30,225.0,4333.19,4558.19
5.0,chronological,dnn,0.56,44,1,30,225.0,4333.19,4558.19
5.0,chronological,dnn,0.57,44,1,30,225.0,4333.19,4558.19
5.0,chronological,dnn,0.58,43,1,31,220.0,4338.089999999999,4558.089999999999
5.0,chronological,dnn,0.59,42,0,32,210.0,4634.09,4844.09
5.0,chronological,dnn,0.6,42,0,32,210.0,4634.09,4844.09
5.0,chronological,dnn,0.61,40,0,34,200.0,4634.86,4834.86
5.0,chronological,dnn,0.62,40,0,34,200.0,4634.86,4834.86
5.0,chronological,dnn,0.63,40,0,34,200.0,4634.86,4834.86
5.0,chronological,dnn,0.64,40,0,34,200.0,4634.86,4834.86
5.0,chronological,dnn,0.65,38,0,36,190.0,5026.45,5216.45
5.0,chronological,dnn,0.66,38,0,36,190.0,5026.45,5216.45
5.0,chronological,dnn,0.67,38,0,36,190.0,5026.45,5216.45
5.0,chronological,dnn,0.68,37,0,37,185.0,5026.45,5211.45
5.0,chronological,dnn,0.69,36,0,38,180.0,5149.13,5329.13
5.0,chronological,dnn,0.7,36,0,38,180.0,5149.13,5329.13
5.0,chronological,dnn,0.71,35,0,39,175.0,5200.5,5375.5
5.0,chronological,dnn,0.72,34,0,40,170.0,5201.26,5371.26
5.0,chronological,dnn,0.73,33,0,41,165.0,5210.55,5375.55
5.0,chronological,dnn,0.74,33,0,41,165.0,5210.55,5375.55
5.0,chronological,dnn,0.75,33,0,41,165.0,5210.55,5375.55
5.0,chronological,dnn,0.76,33,0,41,165.0,5210.55,5375.55
5.0,chronological,dnn,0.77,32,0,42,160.0,5559.63,5719.63
5.0,chronological,dnn,0.78,31,0,43,155.0,7064.5599999999995,7219.5599999999995
5.0,chronological,dnn,0.79,30,0,44,150.0,7114.5599999999995,7264.5599999999995
5.0,chronological,dnn,0.8,30,0,44,150.0,7114.5599999999995,7264.5599999999995
5.0,chronological,dnn,0.81,29,0,45,145.0,7114.9400000000005,7259.9400000000005
5.0,chronological,dnn,0.82,28,0,46,140.0,7209.76,7349.76
5.0,chronological,dnn,0.83,25,0,49,125.0,7433.719999999999,7558.719999999999
5.0,chronological,dnn,0.84,24,0,50,120.0,7473.7,7593.7
5.0,chronological,dnn,0.85,23,0,51,115.0,7477.6,7592.6
5.0,chronological,dnn,0.86,23,0,51,115.0,7477.6,7592.6
5.0,chronological,dnn,0.87,23,0,51,115.0,7477.6,7592.6
5.0,chronological,dnn,0.88,22,0,52,110.0,7478.370000000001,7588.370000000001
5.0,chronological,dnn,0.89,20,0,54,100.0,7485.870000000001,7585.870000000001
5.0,chronological,dnn,0.9,19,0,55,95.0,7487.05,7582.05
5.0,chronological,dnn,0.91,19,0,55,95.0,7487.05,7582.05
5.0,chronological,dnn,0.92,18,0,56,90.0,7643.049999999999,7733.049999999999
5.0,chronological,dnn,0.93,15,0,59,75.0,7648.509999999999,7723.509999999999
5.0,chronological,dnn,0.94,13,0,61,65.0,7659.9800000000005,7724.9800000000005
5.0,chronological,dnn,0.95,12,0,62,60.0,7660.75,7720.75
5.0,chronological,dnn,0.96,9,0,65,45.0,7720.02,7765.02
5.0,chronological,dnn,0.97,8,0,66,40.0,7720.79,7760.79
5.0,chronological,dnn,0.98,6,0,68,30.0,7721.57,7751.57
5.0,chronological,dnn,0.99,5,0,69,25.0,7722.67,7747.67
10.0,chronological,dnn,0.01,56,13,18,690.0,2641.8700000000003,3331.8700000000003
10.0,chronological,dnn,0.02,55,9,19,640.0,2642.63,3282.63
10.0,chronological,dnn,0.03,55,7,19,620.0,2642.63,3262.63
10.0,chronological,dnn,0.04,54,7,20,610.0,2650.6299999999997,3260.6299999999997
10.0,chronological,dnn,0.05,54,5,20,590.0,2650.6299999999997,3240.6299999999997
10.0,chronological,dnn,0.06,53,3,21,560.0,2651.39,3211.39
10.0,chronological,dnn,0.07,53,2,21,550.0,2651.39,3201.39
10.0,chronological,dnn,0.08,53,2,21,550.0,2651.39,3201.39
10.0,chronological,dnn,0.09,52,2,22,540.0,2729.2799999999997,3269.2799999999997
10.0,chronological,dnn,0.1,52,2,22,540.0,2729.2799999999997,3269.2799999999997
10.0,chronological,dnn,0.11,52,2,22,540.0,2729.2799999999997,3269.2799999999997
10.0,chronological,dnn,0.12,52,2,22,540.0,2729.2799999999997,3269.2799999999997
10.0,chronological,dnn,0.13,52,2,22,540.0,2729.2799999999997,3269.2799999999997
10.0,chronological,dnn,0.14,51,2,23,530.0,2966.54,3496.54
10.0,chronological,dnn,0.15,51,2,23,530.0,2966.54,3496.54
10.0,chronological,dnn,0.16,50,2,24,520.0,3006.4399999999996,3526.4399999999996
10.0,chronological,dnn,0.17,50,2,24,520.0,3006.4399999999996,3526.4399999999996
10.0,chronological,dnn,0.18,50,2,24,520.0,3006.4399999999996,3526.4399999999996
10.0,chronological,dnn,0.19,50,2,24,520.0,3006.4399999999996,3526.4399999999996
10.0,chronological,dnn,0.2,50,2,24,520.0,3006.4399999999996,3526.4399999999996
10.0,chronological,dnn,0.21,50,2,24,520.0,3006.4399999999996,3526.4399999999996
10.0,chronological,dnn,0.22,50,2,24,520.0,3006.4399999999996,3526.4399999999996
10.0,chronological,dnn,0.23,50,2,24,520.0,3006.4399999999996,3526.4399999999996
10.0,chronological,dnn,0.24,49,2,25,510.0,3051.9500000000003,3561.9500000000003
10.0,chronological,dnn,0.25,49,2,25,510.0,3051.9500000000003,3561.9500000000003
10.0,chronological,dnn,0.26,49,2,25,510.0,3051.9500000000003,3561.9500000000003
10.0,chronological,dnn,0.27,49,2,25,510.0,3051.9500000000003,3561.9500000000003
10.0,chronological,dnn,0.28,49,2,25,510.0,3051.9500000000003,3561.9500000000003
10.0,chronological,dnn,0.29,49,2,25,510.0,3051.9500000000003,3561.9500000000003
10.0,chronological,dnn,0.3,49,2,25,510.0,3051.9500000000003,3561.9500000000003
10.0,chronological,dnn,0.31,49,1,25,500.0,3051.9500000000003,3551.9500000000003
10.0,chronological,dnn,0.32,47,1,27,480.0,4083.2200000000003,4563.22
10.0,chronological,dnn,0.33,47,1,27,480.0,4083.2200000000003,4563.22
10.0,chronological,dnn,0.34,46,1,28,470.0,4088.19,4558.1900000000005
10.0,chronological,dnn,0.35,46,1,28,470.0,4088.19,4558.1900000000005
10.0,chronological,dnn,0.36,46,1,28,470.0,4088.19,4558.1900000000005
10.0,chronological,dnn,0.37,46,1,28,470.0,4088.19,4558.1900000000005
10.0,chronological,dnn,0.38,46,1,28,470.0,4088.19,4558.1900000000005
10.0,chronological,dnn,0.39,46,1,28,470.0,4088.19,4558.1900000000005
10.0,chronological,dnn,0.4,46,1,28,470.0,4088.19,4558.1900000000005
10.0,chronological,dnn,0.41,46,1,28,470.0,4088.19,4558.1900000000005
10.0,chronological,dnn,0.42,46,1,28,470.0,4088.19,4558.1900000000005
10.0,chronological,dnn,0.43,45,1,29,460.0,4088.1900000000005,4548.1900000000005
10.0,chronological,dnn,0.44,45,1,29,460.0,4088.1900000000005,4548.1900000000005
10.0,chronological,dnn,0.45,45,1,29,460.0,4088.1900000000005,4548.1900000000005
10.0,chronological,dnn,0.46,45,1,29,460.0,4088.1900000000005,4548.1900000000005
10.0,chronological,dnn,0.47,45,1,29,460.0,4088.1900000000005,4548.1900000000005
10.0,chronological,dnn,0.48,45,1,29,460.0,4088.1900000000005,4548.1900000000005
10.0,chronological,dnn,0.49,45,1,29,460.0,4088.1900000000005,4548.1900000000005
10.0,chronological,dnn,0.5,45,1,29,460.0,4088.1900000000005,4548.1900000000005
10.0,chronological,dnn,0.51,45,1,29,460.0,4088.1900000000005,4548.1900000000005
10.0,chronological,dnn,0.52,45,1,29,460.0,4088.1900000000005,4548.1900000000005
10.0,chronological,dnn,0.53,45,1,29,460.0,4088.1900000000005,4548.1900000000005
10.0,chronological,dnn,0.54,45,1,29,460.0,4088.1900000000005,4548.1900000000005
10.0,chronological,dnn,0.55,44,1,30,450.0,4333.19,4783.19
10.0,chronological,dnn,0.56,44,1,30,450.0,4333.19,4783.19
10.0,chronological,dnn,0.57,44,1,30,450.0,4333.19,4783.19
10.0,chronological,dnn,0.58,43,1,31,440.0,4338.089999999999,4778.089999999999
10.0,chronological,dnn,0.59,42,0,32,420.0,4634.09,5054.09
10.0,chronological,dnn,0.6,42,0,32,420.0,4634.09,5054.09
10.0,chronological,dnn,0.61,40,0,34,400.0,4634.86,5034.86
10.0,chronological,dnn,0.62,40,0,34,400.0,4634.86,5034.86
10.0,chronological,dnn,0.63,40,0,34,400.0,4634.86,5034.86
10.0,chronological,dnn,0.64,40,0,34,400.0,4634.86,5034.86
10.0,chronological,dnn,0.65,38,0,36,380.0,5026.45,5406.45
10.0,chronological,dnn,0.66,38,0,36,380.0,5026.45,5406.45
10.0,chronological,dnn,0.67,38,0,36,380.0,5026.45,5406.45
10.0,chronological,dnn,0.68,37,0,37,370.0,5026.45,5396.45
10.0,chronological,dnn,0.69,36,0,38,360.0,5149.13,5509.13
10.0,chronological,dnn,0.7,36,0,38,360.0,5149.13,5509.13
10.0,chronological,dnn,0.71,35,0,39,350.0,5200.5,5550.5
10.0,chronological,dnn,0.72,34,0,40,340.0,5201.26,5541.26
10.0,chronological,dnn,0.73,33,0,41,330.0,5210.55,5540.55
10.0,chronological,dnn,0.74,33,0,41,330.0,5210.55,5540.55
10.0,chronological,dnn,0.75,33,0,41,330.0,5210.55,5540.55
10.0,chronological,dnn,0.76,33,0,41,330.0,5210.55,5540.55
10.0,chronological,dnn,0.77,32,0,42,320.0,5559.63,5879.63
10.0,chronological,dnn,0.78,31,0,43,310.0,7064.5599999999995,7374.5599999999995
10.0,chronological,dnn,0.79,30,0,44,300.0,7114.5599999999995,7414.5599999999995
10.0,chronological,dnn,0.8,30,0,44,300.0,7114.5599999999995,7414.5599999999995
10.0,chronological,dnn,0.81,29,0,45,290.0,7114.9400000000005,7404.9400000000005
10.0,chronological,dnn,0.82,28,0,46,280.0,7209.76,7489.76
10.0,chronological,dnn,0.83,25,0,49,250.0,7433.719999999999,7683.719999999999
10.0,chronological,dnn,0.84,24,0,50,240.0,7473.7,7713.7
10.0,chronological,dnn,0.85,23,0,51,230.0,7477.6,7707.6
10.0,chronological,dnn,0.86,23,0,51,230.0,7477.6,7707.6
10.0,chronological,dnn,0.87,23,0,51,230.0,7477.6,7707.6
10.0,chronological,dnn,0.88,22,0,52,220.0,7478.370000000001,7698.370000000001
10.0,chronological,dnn,0.89,20,0,54,200.0,7485.870000000001,7685.870000000001
10.0,chronological,dnn,0.9,19,0,55,190.0,7487.05,7677.05
10.0,chronological,dnn,0.91,19,0,55,190.0,7487.05,7677.05
10.0,chronological,dnn,0.92,18,0,56,180.0,7643.049999999999,7823.049999999999
10.0,chronological,dnn,0.93,15,0,59,150.0,7648.509999999999,7798.509999999999
10.0,chronological,dnn,0.94,13,0,61,130.0,7659.9800000000005,7789.9800000000005
10.0,chronological,dnn,0.95,12,0,62,120.0,7660.75,7780.75
10.0,chronological,dnn,0.96,9,0,65,90.0,7720.02,7810.02
10.0,chronological,dnn,0.97,8,0,66,80.0,7720.79,7800.79
10.0,chronological,dnn,0.98,6,0,68,60.0,7721.57,7781.57
10.0,chronological,dnn,0.99,5,0,69,50.0,7722.67,7772.67
25.0,chronological,dnn,0.01,56,13,18,1725.0,2641.8700000000003,4366.870000000001
25.0,chronological,dnn,0.02,55,9,19,1600.0,2642.63,4242.63
25.0,chronological,dnn,0.03,55,7,19,1550.0,2642.63,4192.63
25.0,chronological,dnn,0.04,54,7,20,1525.0,2650.6299999999997,4175.629999999999
25.0,chronological,dnn,0.05,54,5,20,1475.0,2650.6299999999997,4125.629999999999
25.0,chronological,dnn,0.06,53,3,21,1400.0,2651.39,4051.39
25.0,chronological,dnn,0.07,53,2,21,1375.0,2651.39,4026.39
25.0,chronological,dnn,0.08,53,2,21,1375.0,2651.39,4026.39
25.0,chronological,dnn,0.09,52,2,22,1350.0,2729.2799999999997,4079.2799999999997
25.0,chronological,dnn,0.1,52,2,22,1350.0,2729.2799999999997,4079.2799999999997
25.0,chronological,dnn,0.11,52,2,22,1350.0,2729.2799999999997,4079.2799999999997
25.0,chronological,dnn,0.12,52,2,22,1350.0,2729.2799999999997,4079.2799999999997
25.0,chronological,dnn,0.13,52,2,22,1350.0,2729.2799999999997,4079.2799999999997
25.0,chronological,dnn,0.14,51,2,23,1325.0,2966.54,4291.54
25.0,chronological,dnn,0.15,51,2,23,1325.0,2966.54,4291.54
25.0,chronological,dnn,0.16,50,2,24,1300.0,3006.4399999999996,4306.44
25.0,chronological,dnn,0.17,50,2,24,1300.0,3006.4399999999996,4306.44
25.0,chronological,dnn,0.18,50,2,24,1300.0,3006.4399999999996,4306.44
25.0,chronological,dnn,0.19,50,2,24,1300.0,3006.4399999999996,4306.44
25.0,chronological,dnn,0.2,50,2,24,1300.0,3006.4399999999996,4306.44
25.0,chronological,dnn,0.21,50,2,24,1300.0,3006.4399999999996,4306.44
25.0,chronological,dnn,0.22,50,2,24,1300.0,3006.4399999999996,4306.44
25.0,chronological,dnn,0.23,50,2,24,1300.0,3006.4399999999996,4306.44
25.0,chronological,dnn,0.24,49,2,25,1275.0,3051.9500000000003,4326.950000000001
25.0,chronological,dnn,0.25,49,2,25,1275.0,3051.9500000000003,4326.950000000001
25.0,chronological,dnn,0.26,49,2,25,1275.0,3051.9500000000003,4326.950000000001
25.0,chronological,dnn,0.27,49,2,25,1275.0,3051.9500000000003,4326.950000000001
25.0,chronological,dnn,0.28,49,2,25,1275.0,3051.9500000000003,4326.950000000001
25.0,chronological,dnn,0.29,49,2,25,1275.0,3051.9500000000003,4326.950000000001
25.0,chronological,dnn,0.3,49,2,25,1275.0,3051.9500000000003,4326.950000000001
25.0,chronological,dnn,0.31,49,1,25,1250.0,3051.9500000000003,4301.950000000001
25.0,chronological,dnn,0.32,47,1,27,1200.0,4083.2200000000003,5283.22
25.0,chronological,dnn,0.33,47,1,27,1200.0,4083.2200000000003,5283.22
25.0,chronological,dnn,0.34,46,1,28,1175.0,4088.19,5263.1900000000005
25.0,chronological,dnn,0.35,46,1,28,1175.0,4088.19,5263.1900000000005
25.0,chronological,dnn,0.36,46,1,28,1175.0,4088.19,5263.1900000000005
25.0,chronological,dnn,0.37,46,1,28,1175.0,4088.19,5263.1900000000005
25.0,chronological,dnn,0.38,46,1,28,1175.0,4088.19,5263.1900000000005
25.0,chronological,dnn,0.39,46,1,28,1175.0,4088.19,5263.1900000000005
25.0,chronological,dnn,0.4,46,1,28,1175.0,4088.19,5263.1900000000005
25.0,chronological,dnn,0.41,46,1,28,1175.0,4088.19,5263.1900000000005
25.0,chronological,dnn,0.42,46,1,28,1175.0,4088.19,5263.1900000000005
25.0,chronological,dnn,0.43,45,1,29,1150.0,4088.1900000000005,5238.1900000000005
25.0,chronological,dnn,0.44,45,1,29,1150.0,4088.1900000000005,5238.1900000000005
25.0,chronological,dnn,0.45,45,1,29,1150.0,4088.1900000000005,5238.1900000000005
25.0,chronological,dnn,0.46,45,1,29,1150.0,4088.1900000000005,5238.1900000000005
25.0,chronological,dnn,0.47,45,1,29,1150.0,4088.1900000000005,5238.1900000000005
25.0,chronological,dnn,0.48,45,1,29,1150.0,4088.1900000000005,5238.1900000000005
25.0,chronological,dnn,0.49,45,1,29,1150.0,4088.1900000000005,5238.1900000000005
25.0,chronological,dnn,0.5,45,1,29,1150.0,4088.1900000000005,5238.1900000000005
25.0,chronological,dnn,0.51,45,1,29,1150.0,4088.1900000000005,5238.1900000000005
25.0,chronological,dnn,0.52,45,1,29,1150.0,4088.1900000000005,5238.1900000000005
25.0,chronological,dnn,0.53,45,1,29,1150.0,4088.1900000000005,5238.1900000000005
25.0,chronological,dnn,0.54,45,1,29,1150.0,4088.1900000000005,5238.1900000000005
25.0,chronological,dnn,0.55,44,1,30,1125.0,4333.19,5458.19
25.0,chronological,dnn,0.56,44,1,30,1125.0,4333.19,5458.19
25.0,chronological,dnn,0.57,44,1,30,1125.0,4333.19,5458.19
25.0,chronological,dnn,0.58,43,1,31,1100.0,4338.089999999999,5438.089999999999
25.0,chronological,dnn,0.59,42,0,32,1050.0,4634.09,5684.09
25.0,chronological,dnn,0.6,42,0,32,1050.0,4634.09,5684.09
25.0,chronological,dnn,0.61,40,0,34,1000.0,4634.86,5634.86
25.0,chronological,dnn,0.62,40,0,34,1000.0,4634.86,5634.86
25.0,chronological,dnn,0.63,40,0,34,1000.0,4634.86,5634.86
25.0,chronological,dnn,0.64,40,0,34,1000.0,4634.86,5634.86
25.0,chronological,dnn,0.65,38,0,36,950.0,5026.45,5976.45
25.0,chronological,dnn,0.66,38,0,36,950.0,5026.45,5976.45
25.0,chronological,dnn,0.67,38,0,36,950.0,5026.45,5976.45
25.0,chronological,dnn,0.68,37,0,37,925.0,5026.45,5951.45
25.0,chronological,dnn,0.69,36,0,38,900.0,5149.13,6049.13
25.0,chronological,dnn,0.7,36,0,38,900.0,5149.13,6049.13
25.0,chronological,dnn,0.71,35,0,39,875.0,5200.5,6075.5
25.0,chronological,dnn,0.72,34,0,40,850.0,5201.26,6051.26
25.0,chronological,dnn,0.73,33,0,41,825.0,5210.55,6035.55
25.0,chronological,dnn,0.74,33,0,41,825.0,5210.55,6035.55
25.0,chronological,dnn,0.75,33,0,41,825.0,5210.55,6035.55
25.0,chronological,dnn,0.76,33,0,41,825.0,5210.55,6035.55
25.0,chronological,dnn,0.77,32,0,42,800.0,5559.63,6359.63
25.0,chronological,dnn,0.78,31,0,43,775.0,7064.5599999999995,7839.5599999999995
25.0,chronological,dnn,0.79,30,0,44,750.0,7114.5599999999995,7864.5599999999995
25.0,chronological,dnn,0.8,30,0,44,750.0,7114.5599999999995,7864.5599999999995
25.0,chronological,dnn,0.81,29,0,45,725.0,7114.9400000000005,7839.9400000000005
25.0,chronological,dnn,0.82,28,0,46,700.0,7209.76,7909.76
25.0,chronological,dnn,0.83,25,0,49,625.0,7433.719999999999,8058.719999999999
25.0,chronological,dnn,0.84,24,0,50,600.0,7473.7,8073.7
25.0,chronological,dnn,0.85,23,0,51,575.0,7477.6,8052.6
25.0,chronological,dnn,0.86,23,0,51,575.0,7477.6,8052.6
25.0,chronological,dnn,0.87,23,0,51,575.0,7477.6,8052.6
25.0,chronological,dnn,0.88,22,0,52,550.0,7478.370000000001,8028.370000000001
25.0,chronological,dnn,0.89,20,0,54,500.0,7485.870000000001,7985.870000000001
25.0,chronological,dnn,0.9,19,0,55,475.0,7487.05,7962.05
25.0,chronological,dnn,0.91,19,0,55,475.0,7487.05,7962.05
25.0,chronological,dnn,0.92,18,0,56,450.0,7643.049999999999,8093.049999999999
25.0,chronological,dnn,0.93,15,0,59,375.0,7648.509999999999,8023.509999999999
25.0,chronological,dnn,0.94,13,0,61,325.0,7659.9800000000005,7984.9800000000005
25.0,chronological,dnn,0.95,12,0,62,300.0,7660.75,7960.75
25.0,chronological,dnn,0.96,9,0,65,225.0,7720.02,7945.02
25.0,chronological,dnn,0.97,8,0,66,200.0,7720.79,7920.79
25.0,chronological,dnn,0.98,6,0,68,150.0,7721.57,7871.57
25.0,chronological,dnn,0.99,5,0,69,125.0,7722.67,7847.67
